John,Stella,smith
William,Sallie,johnson
James,Nettie,williams
Charles,Etta,brown
George,Harriet,jones
Frank,Sadie,garcia
Joseph,Katie,miller
Thomas,Lydia,davis
Henry,Kate,rodriguez
Robert,Mollie,martinez
Edward,Lulu,hernandez
Harry,Nannie,lopez
Walter,Lottie,gonzalez
Arthur,Belle,wilson
Fred,Charlotte,anderson
Albert,Amelia,thomas
Samuel,Hannah,taylor
David,Jane,moore
Louis,Emily,jackson
Joe,Matilda,martin
Charlie,Henrietta,lee
Clarence,Sara,perez
Richard,Estella,thompson
Andrew,Theresa,white
Daniel,Josie,harris
Ernest,Sophia,sanchez
Will,Anne,clark
Jesse,Delia,ramirez
Oscar,Louisa,lewis
Lewis,Mayme,robinson
Peter,Estelle,walker
Benjamin,Nina,young
Frederick,Bettie,allen
Willie,Luella,king
Alfred,Inez,wright
Sam,Lela,scott
Roy,Rosie,torres
Herbert,Millie,nguyen
Jacob,Janie,hill
Tom,Cornelia,flores
Elmer,Victoria,green
Carl,Celia,adams
Lee,Christine,nelson
Howard,Birdie,baker
Martin,Harriett,hall
Michael,Mable,rivera
Bert,Myra,campbell
Herman,Sophie,mitchell
Jim,Tillie,carter
Francis,Isabel,roberts
Harvey,Sylvia,gomez
Earl,Isabelle,phillips
Eugene,Leila,evans
Ralph,Sally,turner
Ed,Ina,diaz
Claude,Nell,parker
Edwin,Alberta,cruz
Ben,Katharine,edwards
Charley,Rena,collins
Paul,Mina,reyes
Edgar,Mathilda,stewart
Isaac,Dollie,morris
Otto,Hettie,morales
Luther,Fanny,murphy
Lawrence,Lenora,cook
Ira,Adelaide,rogers
Patrick,Lelia,gutierrez
Guy,Nelle,ortiz
Oliver,Sue,morgan
Theodore,Johanna,cooper
Hugh,Lilly,peterson
Clyde,Lucinda,bailey
Alexander,Minerva,reed
August,Lettie,kelly
Floyd,Roxie,howard
Homer,Helena,ramos
Jack,Hilda,kim
Leonard,Hulda,cox
Horace,Genevieve,ward
Marion,Cordelia,richardson
Philip,Jeanette,watson
Allen,Adeline,brooks
Archie,Leah,chavez
Stephen,Lura,wood
Chester,Mittie,james
Willis,Isabella,bennett
Raymond,Olga,gray
Rufus,Phoebe,mendoza
Warren,Teresa,ruiz
Jessie,Lida,hughes
Milton,Lina,price
Alex,Marguerite,alvarez
Leo,Claudia,castillo
Julius,Cecelia,sanders
Ray,Bess,patel
Sidney,Emilie,myers
Bernard,Rosetta,long
Dan,Myrtie,ross
Jerry,Cecilia,foster
Calvin,Olivia,jimenez
Perry,Ophelia,powell
Dave,Elnora,jenkins
Anthony,Violet,perry
Eddie,Adele,russell
Amos,Lily,sullivan
Dennis,Loretta,bell
Clifford,Madge,coleman
Leroy,Polly,butler
Wesley,Eugenia,henderson
Alonzo,Lucile,barnes
Garfield,Mabelle,gonzales
Franklin,Rosalie,fisher
Emil,Kittie,vasquez
Leon,Meta,simmons
Nathan,Angie,romero
Harold,Georgiana,jordan
Matthew,Lila,patterson
Levi,Regina,alexander
Moses,Selma,hamilton
Everett,Wilhelmina,graham
Lester,Bridget,reynolds
Winfield,Lilla,griffin
Adam,Malinda,wallace
Lloyd,Vina,moreno
Mack,Freda,west
Fredrick,Gertie,cole
Jay,Jeannette,hayes
Jess,Louella,bryant
Melvin,Mandy,herrera
Noah,Roberta,gibson
Aaron,Corinne,ellis
Alvin,Lyda,tran
Norman,Naomi,medina
Gilbert,Norma,aguilar
Elijah,Margie,stevens
Victor,Nona,murray
Gus,Zella,ford
Nelson,Dovie,castro
Jasper,Elvira,marshall
Silas,Erma,owens
Christopher,Irma,harrison
Jake,Leota,fernandez
Mike,Blanch,mcdonald
Percy,Charity,woods
Adolph,Lorena,washington
Maurice,Lucretia,kennedy
Cornelius,Orpha,wells
Felix,Alvina,vargas
Reuben,Annette,henry
Wallace,Catharine,chen
Claud,Elma,freeman
Roscoe,Geneva,webb
Sylvester,Leora,tucker
Earnest,Lona,guzman
Hiram,Miriam,burns
Otis,Zora,crawford
Simon,Octavia,olson
Willard,Sudie,simpson
Irvin,Zula,porter
Mark,Adella,hunter
Jose,Frieda,gordon
Wilbur,Joanna,mendez
Abraham,Leonora,silva
Virgil,Priscilla,shaw
Clinton,Tennie,snyder
Elbert,Angeline,mason
Leslie,Docia,dixon
Marshall,Ettie,munoz
Owen,Flossie,hunt
Wiley,Hanna,hicks
Anton,Letha,holmes
Morris,Minta,palmer
Manuel,Retta,wagner
Phillip,Rosella,black
Augustus,Adah,robertson
Emmett,Berta,boyd
Eli,Elisabeth,rose
Nicholas,Elise,stone
Wilson,Leola,salazar
Alva,Margret,fox
Harley,Adaline,warren
Newton,Idella,mills
Timothy,Juanita,meyer
Marvin,Lenna,rice
Ross,Lucie,schmidt
Curtis,Missouri,garza
Edmund,Nola,daniels
Jeff,Zoe,ferguson
Elias,Eda,nichols
Harrison,Isabell,stephens
Stanley,Julie,soto
Columbus,Letitia,weaver
Lon,Madeline,ryan
Ora,Malissa,gardner
Ollie,Mariah,payne
Russell,Pattie,grant
Pearl,Almeda,dunn
Solomon,Aurelia,kelley
Arch,Dolly,spencer
Asa,Jannie,hawkins
Clayton,Kathrine,arnold
Enoch,Lavinia,pierce
Irving,Marietta,vazquez
Mathew,Melvina,hansen
Nathaniel,Ona,peters
Scott,Pinkie,santos
Hubert,Susanna,hart
Lemuel,Chloe,bradley
Andy,Elsa,knight
Ellis,Matie,elliott
Emanuel,Pearle,cunningham
Joshua,Vesta,duncan
Millard,Vinnie,armstrong
Vernon,Antoinette,hudson
Wade,Clementine,carroll
Cyrus,Edythe,lane
Miles,Harriette,riley
Rudolph,Libbie,andrews
Sherman,Lilian,alvarado
Austin,Lutie,ray
Bill,Magdalena,delgado
Chas,Meda,berry
Lonnie,Rita,perkins
Monroe,Tena,hoffman
Byron,Zelma,johnston
Edd,Adelia,matthews
Emery,Annetta,pena
Grant,Dona,richards
Jerome,Elizebeth,contreras
Max,Georgianna,willis
Mose,Gracie,carpenter
Steve,Iona,lawrence
Gordon,Leta,sandoval
Abe,Liza,guerrero
Pete,Mertie,george
Chris,Molly,chapman
Clark,Neva,rios
Gustave,Oma,estrada
Orville,Alida,ortega
Lorenzo,Cecile,watkins
Bruce,Ernestine,greene
Marcus,Evie,nunez
Preston,Helene,wheeler
Bob,Minna,valdez
Dock,Myrta,harper
Donald,Prudence,burke
Jackson,Queen,larson
Cecil,Rilla,santiago
Barney,Savannah,maldonado
Delbert,Tessie,morrison
Edmond,Agatha,franklin
Anderson,America,carlson
Christian,Anita,austin
Glenn,Arminta,dominguez
Jefferson,Dorothea,carr
Luke,Luvenia,lawson
Neal,Marjorie,jacobs
Burt,Maybelle,obrien
Ike,Mellie,lynch
Myron,Nan,singh
Tony,Velma,vega
Conrad,Constance,bishop
Joel,Ila,montgomery
Matt,Iola,oliver
Riley,Louvenia,jensen
Vincent,Lucia,harvey
Emory,Ludie,williamson
Isaiah,Luna,gilbert
Nick,Metta,dean
Ezra,Phebe,sims
Green,Sophronia,espinoza
Juan,Adda,howell
Clifton,Avis,li
Lucius,Betsy,wong
Porter,Cordie,reid
Arnold,Emmaline,hanson
Bud,Ethelyn,le
Jeremiah,Hortense,mccoy
Taylor,Marcella,garrett
Forrest,Melinda,burton
Roland,Mona,fuller
Spencer,Odessa,wang
Burton,Veronica,weber
Don,Aimee,welch
Emmet,Annabel,rojas
Gustav,Ava,lucas
Louie,Bella,marquez
Morgan,Carolina,fields
Ned,Cathrine,park
Van,Christena,yang
Ambrose,Dena,little
Chauncey,Eleanore,banks
Elisha,Elmira,padilla
Ferdinand,Jenny,day
General,Kizzie,walsh
Julian,Loula,bowman
Kenneth,Magdalene,schultz
Mitchell,Mettie,luna
Allie,Mintie,fowler
Josh,Peggy,mejia
Judson,Reba,davidson
Lyman,Serena,acosta
Napoleon,Vida,brewer
Pedro,Zada,may
Berry,Abigail,holland
Dewitt,Celestine,juarez
Ervin,Celina,newman
Forest,Daisie,pearson
Lynn,Dessa,curtis
Pink,Easter,cortez
Ruben,Emelia,douglas
Sanford,Emmie,schneider
Ward,Imogene,joseph
Douglas,India,barrett
Ole,Jeanne,navarro
Omer,Lenore,figueroa
Ulysses,Liddie,keller
Walker,Lotta,avila
Wilbert,Mame,wade
Adelbert,Nevada,molina
Benjiman,Rachael,stanley
Ivan,Sina,hopkins
Jonas,Willa,campos
Major,Aline,barnett
Abner,Daisey,bates
Archibald,Dorcas,chambers
Caleb,Edmonia,caldwell
Clint,Effa,beck
Dudley,Eldora,lambert
Granville,Eloise,miranda
King,Emmer,byrd
Mary,Era,craig
Merton,Gena,ayala
Antonio,Iris,lowe
Bennie,Izora,frazier
Carroll,Lissie,powers
Freeman,Mallie,neal
Josiah,Malvina,leonard
Milo,Mathilde,gregory
Royal,Mazie,carrillo
Dick,Queenie,sutton
Earle,Rosina,fleming
Elza,Salome,rhodes
Emerson,Theodora,shelton
Fletcher,Therese,schwartz
Judge,Vena,norris
Laurence,Wanda,jennings
Neil,Wilda,watts
Roger,Altha,duran
Seth,Anastasia,walters
Glen,Besse,cohen
Hugo,Birtie,mcdaniel
Jimmie,Clarissa,moran
Johnnie,Delilah,parks
Washington,Diana,steele
Elwood,Emelie,vaughn
Gust,Erna,becker
Harmon,Florida,holt
Jordan,Frona,deleon
Simeon,Hilma,barker
Wayne,Juliet,terry
Wilber,Leonie,hale
Clem,Lugenia,leon
Evan,Mammie,hail
Frederic,Manda,benson
Irwin,Manerva,haynes
Junius,Manie,horton
Lafayette,Nella,miles
Loren,Paulina,lyons
Madison,Philomena,pham
Mason,Selina,graves
Orval,Sena,bush
Abram,Theodosia,thornton
Aubrey,Una,wolfe
Elliott,Adela,warner
Hans,Althea,cabrera
Karl,Amalia,mckinney
Minor,Amber,mann
Wash,Angelina,zimmerman
Wilfred,Annabelle,dawson
Allan,Anner,lara
Alphonse,Arie,fletcher
Dallas,Clarice,page
Dee,Corda,mccarthy
Isiah,Corrie,love
Jason,Dellar,robles
Johnny,Donie,cervantes
Lawson,Elda,solis
Lew,Elinor,erickson
Micheal,Emeline,reeves
Orin,Emilia,chang
Addison,Etha,klein
Cal,Indiana,salinas
Erastus,Ione,fuentes
Francisco,Josiephine,baldwin
Hardy,Kitty,daniel
Lucien,Lavina,simon
Randolph,Leda,velasquez
Stewart,Letta,hardy
Vern,Mahala,higgins
Wilmer,Marcia,aguirre
Zack,Margarette,lin
Adrian,Maudie,cummings
Alvah,Maye,chandler
Bertram,Norah,sharp
Clay,Patty,barber
Ephraim,Paula,bowen
Fritz,Permelia,ochoa
Giles,Rosalia,dennis
Grover,Roxanna,robbins
Harris,Sula,liu
Isom,Vada,ramsey
Jesus,Winnifred,francis
Johnie,Adline,griffith
Jonathan,Almira,paul
Lucian,Alvena,blair
Malcolm,Arizona,oconnor
Merritt,Becky,cardenas
Otho,Bernadette,pacheco
Perley,Cordia,cross
Rolla,Corine,calderon
Sandy,Dicie,quinn
Tomas,Dove,moss
Wilford,Drusilla,swanson
Adolphus,Elena,chan
Angus,Elenora,rivas
Arther,Elmina,khan
Carlos,Ethyl,rodgers
Cary,Evalyn,serrano
Cassius,Evelina,fitzgerald
Davis,Faye,rosales
Hamilton,Huldah,stevenson
Harve,Idell,christensen
Israel,Inga,manning
Leander,Irena,gill
Melville,Kattie,curry
Merle,Lavenia,mclaughlin
Murray,Lovina,harmon
Pleasant,Lulie,mcgee
Sterling,Magnolia,gross
Steven,Margeret,doyle
Axel,Margery,garner
Boyd,Media,newton
Bryant,Millicent,burgess
Clement,Nena,reese
Erwin,Orilla,walton
Ezekiel,Pansy,blake
Foster,Rosia,trujillo
Frances,Rowena,adkins
Geo,Tabitha,brady
Houston,Verdie,goodman
Issac,Zetta,roman
Jules,Zoa,webster
Larkin,Zona,goodwin
Mat,Albertina,fischer
Morton,Albina,huang
Orlando,Alyce,potter
Pierce,Amie,delacruz
Prince,Annis,montoya
Rollie,Carra,todd
Rollin,Clarinda,wu
Sim,Delphia,hines
Stuart,Dillie,mullins
Wilburn,Doshie,castaneda
Bennett,Drucilla,malone
Casper,Etna,cannon
Christ,Eugenie,tate
Dell,Eulalia,mack
Egbert,Eve,sherman
Elmo,Felicia,hubbard
Fay,Florance,hodges
Gabriel,Fronie,zhang
Hector,Geraldine,guerra
Horatio,Gina,wolf
Lige,Glenna,valencia
Saul,Grayce,saunders
Smith,Hedwig,franco
Squire,Jossie,rowe
Tobe,Katheryn,gallagher
Tommie,Katy,farmer
Wyatt,Leanna,hammond
Alford,Leitha,hampton
Alma,Leone,townsend
Alton,Lidie,ingram
Andres,Loma,wise
Burl,Lular,gallegos
Cicero,Magdalen,clarke
Dean,Maymie,barton
Dorsey,Minervia,schroeder
Enos,Muriel,maxwell
Howell,Neppie,waters
Lou,Onie,logan
Loyd,Osa,camacho
Mahlon,Otelia,strickland
Nat,Paralee,norman
Omar,Patience,person
Oran,Rella,colon
Parker,Rillie,parsons
Raleigh,Rosanna,frank
Reginald,Tilda,harrington
Rubin,Tishie,glover
Seymour,Tressa,osborne
Wm,Viva,buchanan
Young,Yetta,casey
Benjamine,Zena,floyd
Carey,Zola,patton
Carlton,Abby,ibarra
Eldridge,Aileen,ball
Elzie,Alda,tyler
Garrett,Alla,suarez
Isham,Alverta,bowers
Johnson,Ara,orozco
Larry,Ardelia,salas
Logan,Ardella,cobb
Merrill,Arrie,gibbs
Mont,Arvilla,andrade
Oren,Aurora,bauer
Pierre,Bama,conner
Rex,Bena,moody
Rodney,Calla,escobar
Ted,Camilla,mcguire
Webster,Carlotta,lloyd
West,Celestia,mueller
Wheeler,Cherry,hartman
Willam,Cinda,french
Al,Classie,kramer
Aloysius,Claudine,mcbride
Alvie,Clemie,pope
Anna,Clyda,lindsey
Art,Creola,velazquez
Augustine,Debbie,norton
Bailey,Dinah,mccormick
Benjaman,Doshia,sparks
Beverly,Ednah,flynn
Bishop,Edyth,yates
Clair,Eleanora,hogan
Cloyd,Electa,marsh
Coleman,Eola,macias
Dana,Eudora,villanueva
Duncan,Euphemia,zamora
Dwight,Evalena,pratt
Emile,Evaline,stokes
Evert,Faith,owen
Henderson,Fidelia,ballard
Hunter,Golda,lang
Jean,Helma,brock
Lem,Hermine,villarreal
Luis,Hessie,charles
Mathias,Ivah,drake
Maynard,Janette,barrera
Miguel,Jennette,cain
Mortimer,Joella,patrick
Nels,Kathryne,pineda
Norris,Lanie,burnett
Pat,Lauretta,mercado
Phil,Leana,santana
Rush,Leatha,shepherd
Santiago,Liller,bautista
Sol,Lillis,ali
Sydney,Louetta,shaffer
Thaddeus,Madie,lamb
Thornton,Mai,trevino
Tim,Martina,mckenzie
Travis,Maryann,hess
Truman,Melva,beil
Watson,Mena,olsen
Webb,Mercedes,cochran
Wellington,Mima,morton
Winfred,Minda,nash
Wylie,Monica,wilkins
Alec,Nealie,petersen
Basil,Netta,briggs
Baxter,Nolia,shah
Bertrand,Nonie,roth
Buford,Odelia,nicholson
Burr,Ottilie,holloway
Cleveland,Phyllis,lozano
Colonel,Sabina,rangel
Dempsey,Sada,flowers
Early,Suzanne,hoover
Ellsworth,Sybilla,short
Fate,Thea,arias
Finley,Tressie,mora
Gabe,Vallie,valenzuela
Garland,Venie,bryan
Gerald,Viney,meyers
Herschel,Wilhelmine,weiss
Hezekiah,Winona,underwood
Justus,Zelda,bass
Lindsey,Zilpha,greer
Marcellus,Adelle,summers
Olaf,Adina,houston
Olin,Adrienne,carson
Pablo,Albertine,morrow
Rolland,Alys,clayton
Turner,Ana,whitaker
Verne,Araminta,decker
Volney,Birtha,yoder
Williams,Bulah,collier
Almon,Caddie,zuniga
Alois,Celie,carey
Alonza,Charlotta,wilcox
Anson,Concepcion,melendez
Authur,Cordella,poole
Benton,Corrine,roberson
Billie,Delila,larsen
Cornelious,Delphine,conley
Darius,Dosha,davenport
Denis,Elaine,copeland
Dillard,Elisa,massey
Doctor,Ellar,lam
Elvin,Elmire,huff
Emma,Elvina,rocha
Eric,Ena,cameron
Evans,Estie,jefferson
Gideon,Etter,hood
Haywood,Fronnie,monroe
Hilliard,Georgina,anthony
Hosea,Gracia,pittman
Lincoln,Gwendolyn,huynh
Lonzo,Hassie,randall
Lucious,Honora,singleton
Lum,Icy,kirk
Malachi,Isa,combs
Newt,Isadora,mathis
Noel,Johannah,christian
Orie,Juana,skinner
Palmer,Junie,bradford
Pinkney,Lavonia,richard
Shirley,Lella,galvan
Sumner,Lemma,wall
Terry,Letty,boone
Urban,Linna,kirby
Uriah,Littie,wilkinson
Valentine,Lollie,bridges
Waldo,Lorene,bruce
Warner,Lovisa,atkinson
Wong,Lucina,velez
Zeb,Madora,meza
Abel,Mahalia,roy
Alden,Manervia,vincent
Archer,Manuela,york
Avery,Margarett,hodge
Carson,Margaretta,villa
Cullen,Margarita,abbott
Doc,Marilla,allison
Eben,Mignon,tapia
Elige,Mozella,gates
Elizabeth,Natalie,chase
Elmore,Nelia,sosa
Ernst,Nolie,sweeney
Finis,Omie,farrell
Freddie,Ottilia,wyatt
Godfrey,Parthenia,dalton
Guss,Penelope,horn
Hamp,Pinkey,barron
Hermann,Pollie,phelps
Isadore,Rennie,yu
Isreal,Reta,dickerson
Jones,Roena,heath
June,Rosalee,foley
Lacy,Roseanna,atkins
Lafe,Ruthie,mathews
Leland,Sabra,bonilla
Llewellyn,Sannie,acevedo
Ludwig,Selena,benitez
Manford,Sibyl,zavala
Maxwell,Tella,hensley
Minnie,Tempie,glenn
Obie,Tennessee,cisneros
Octave,Teressa,harrell
Orrin,Texas,shields
Ossie,Theda,rubio
Oswald,Thursa,huffman
Park,Ula,choi
Parley,Vannie,boyer
Ramon,Verona,garrison
Rice,Vertie,arroyo
Stonewall,Wilma,bond
Theo,Adell,kane
Tillman,Aggie,hancock
Addie,Alcie,callahan
Aron,Alfreda,dillon
Ashley,Alicia,cline
Bernhard,Allene,wiggins
Bertie,Almyra,grimes
Berton,Anastacia,arellano
Buster,Aria,melton
Butler,Arminda,oneill
Carleton,Aura,savage
Carrie,Avie,ho
Clara,Berdie,beltran
Clarance,Buena,pitts
Clare,Calista,parrish
Crawford,Cammie,ponce
Danial,Cara,rich
Dayton,Celesta,booth
Dolphus,Celeste,koch
Elder,Chaney,golden
Ephriam,Chanie,ware
Fayette,Charlottie,brennan
Felipe,Chrissie,mcdowell
Fernando,Christene,marks
Flem,Christiana,cantu
Florence,Cleora,humphrey
Ford,Clora,baxter
Harlan,Coralie,sawyer
Hayes,Dayse,clay
Henery,Delfina,tanner
Hoy,Deliah,hutchinson
Huston,Delina,kaur
Ida,Delle,berg
Ivory,Dicy,wiley
Jonah,Donia,gilmore
Justin,Dulcie,russo
Lenard,Edwina,villegas
Leopold,Ela,hobbs
Lionel,Eleonora,keith
Manley,Elta,wilkerson
Marquis,Elzada,ahmed
Marshal,Emaline,beard
Mart,Eulah,mcclain
Odie,Eulalie,montes
Olen,Euna,mata
Oral,Zadie,rosario
Orley,Eveline,vang
Otha,Lelah,walter
Press,Nanie,henson
Price,Petra,oneal
Quincy,Glennie,mosley
Randall,Juliette,mcclure
Rich,Mercy,beasley
Richmond,Miranda,stephenson
Romeo,Nana,snow
Russel,Zilpah,huerta
Rutherford,Almedia,preston
Shade,Byrdie,vance
Shelby,Claribel,barry
Solon,Coral,johns
Thurman,Exie,eaton
Tilden,Malissie,blackwell
Troy,Myrtice,dyer
Woodson,Narcissus,prince
Worth,Rosamond,macdonald
Aden,Theresia,solomon
Alcide,Valeria,guevara
Alf,Vessie,stafford
Algie,Victorine,english
Arlie,Arabella,hurst
Bart,Dottie,woodard
Bedford,Flo,cortes
Benito,Fredericka,shannon
Billy,Gusta,kemp
Bird,Icie,nolan
Birt,Lillia,mccullough
Bruno,Lota,merritt
Burley,Nathalie,murillo
Chancy,Nita,moon
Claus,Ota,salgado
Cliff,Ramona,strong
Clovis,Texie,kline
Connie,Zillah,cordova
Creed,Aida,barajas
Delos,Arra,roach
Duke,Belva,rosas
Eber,Biddie,winters
Eligah,Bula,jacobson
Elliot,Carry,lester
Elton,Crete,knox
Emmitt,Dossie,bullock
Gene,Evangeline,kerr
Golden,Flavia,leach
Hal,Fleta,meadows
Hardin,Fronia,orr
Harman,Gillie,davila
Hervey,Jinnie,whitehead
Hollis,Katharina,pruitt
Ivey,Mirtie,kent
Jennie,Mora,conway
Len,Ninnie,mckee
Lindsay,Rettie,barr
Lonie,Rozella,david
Lyle,Sofia,dejesus
Mac,Sybil,marin
Mal,Sylvania,berger
Math,Tilla,mcintyre
Miller,Ursula,blankenship
Orson,Veda,gaines
Osborne,Zaida,palacios
Percival,Zenobia,cuevas
Pleas,Aletha,bartlett
Ples,Ason,durham
Rafael,Bina,dorsey
Raoul,Chloie,mccall
Roderick,Christie,odonnell
Rose,Corean,stein
Shelton,Corinna,browning
Sid,Elodie,stout
Theron,Epsie,lowery
Tobias,Exa,sloan
Toney,Georgine,mclean
Tyler,Gretta,hendricks
Vance,Henriette,calhoun
Vivian,Jemima,sexton
Walton,Jo,chung
Watt,Josefa,gentry
Weaver,Juliana,hull
Wilton,Katharyn,duarte
Adolf,Lavada,ellison
Albin,Leonore,nielsen
Albion,Levina,gillespie
Allison,Libby,buck
Alpha,Lilie,middleton
Alpheus,Louanna,sellers
Anastacio,Mabell,leblanc
Andre,Madeleine,esparza
Annie,Marinda,hardin
Arlington,Mila,bradshaw
Armand,Neta,mcintosh
Asberry,Orlena,howe
Asbury,Ozella,livingston
Asher,Ressie,frost
Augustin,Rosena,glass
Auther,Rosey,morse
Author,Senora,knapp
Ballard,Siddie,herman
Blas,Susana,stark
Caesar,Susanne,bravo
Candido,Texanna,noble
Cato,Tiney,spears
Clarke,Tinie,weeks
Clemente,Tiny,corona
Colin,Achsah,frederick
Commodore,Agness,buckley
Cora,Ala,mcfarland
Coy,Alabama,hebert
Cruz,Alexina,enriquez
Curt,Altie,hickman
Damon,Ama,quintero
Davie,Amalie,randolph
Delmar,Amelie,schaefer
Dexter,Amey,walls
Dora,Amma,trejo
Doss,Ammie,house
Drew,Anie,reilly
Edson,Annabell,pennington
Elam,Arta,michael
Elihu,Attie,conrad
Eliza,Audra,giles
Elsie,Azzie,benjamin
Erie,Cathryn,crosby
Ernie,Cena,fitzpatrick
Ethel,Chestina,donovan
Ferd,Crissie,mays
Friend,Cyntha,mahoney
Garry,Daisye,valentine
Gary,Dellia,raymond
Grace,Delta,medrano
Gustaf,Dema,hahn
Hallie,Dezzie,mcmillan
Hampton,Dola,small
Harrie,Dollye,bentley
Hattie,Eithel,felix
Hence,Elba,peck
Hillard,Elfrieda,lucero
Hollie,Elna,boyle
Holmes,Emogene,hanna
Hope,Enola,pace
Hyman,Verda,rush
Ishmael,Gretchen,hurley
Jarrett,Hermina,harding
Jessee,Nelly,mcconnell
Joeseph,Eller,bernal
Junious,Hetty,nava
Kirk,Luetta,ayers
Levy,Pennie,everett
Mervin,Rosemary,ventura
Michel,Beckie,avery
Milford,Buna,pugh
Mitchel,Caldonia,mayer
Nellie,Candace,bender
Noble,Edla,shepard
Obed,Florrie,mcmahon
Oda,Luisa,landry
Orren,Myrtis,case
Ottis,Trudie,sampson
Rafe,Agusta,moses
Redden,Alphonsine,magana
Reese,Dellie,blackburn
Rube,Delpha,dunlap
Ruby,Kathyrn,gould
Rupert,Loretto,duffy
Salomon,Lucindy,vaughan
Sammie,Maybell,herring
Sanders,Odile,mckay
Soloman,Orah,espinosa
Stacy,Prudie,rivers
Stanford,Rhea,farley
Stanton,Rinda,bernard
Thad,Rosy,ashley
Titus,Roxy,friedman
Tracy,Sarrah,potts
Vernie,Susannah,truong
Wendell,Tula,costa
Wilhelm,Alwina,correa
Willian,Arah,blevins
Yee,Bernadine,nixon
Zeke,Capitola,clements
Ab,Cathern,fry
Abbott,Columbia,delarosa
Agustus,Eileen,best
Albertus,Elizbeth,benton
Almer,Eura,lugo
Alphonso,Hennie,portillo
Alvia,Henretta,dougherty
Artie,Ivie,crane
Arvid,Jeanie,haley
Ashby,Justina,phan
Augusta,Leaner,villalobos
Aurthur,Leonia,blanchard
Babe,Lorraine,horne
Baldwin,Lucetta,finley
Barnett,Macie,quintana
Bartholomew,Mahalie,lynn
Barton,Marry,esquivel
Bernie,Novella,bean
Blaine,Olevia,dodson
Boston,Phillis,mullen
Brad,Philomene,xiong
Bradford,Salina,hayden
Bradley,Sinda,cano
Brooks,Tinnie,levy
Buck,Vashti,huber
Budd,Vella,richmond
Ceylon,Veva,moyer
Chalmers,Vicy,lim
Chesley,Zita,frye
Chin,Affie,sheppard
Cleo,Albertha,mccarty
Crockett,Anabel,avalos
Cyril,Artelia,booker
Daisy,Barbra,waller
Denver,Beaulah,parra
Dow,Bertina,woodward
Duff,Birdella,jaramillo
Edie,Blossom,krueger
Edith,Carmela,rasmussen
Elick,Carolyne,brandt
Elie,Cilla,peralta
Eliga,Denise,donaldson
Eliseo,Dorthea,stuart
Elroy,Eleonore,faulkner
Ely,Fairy,maynard
Ennis,Fannye,galindo
Enrique,Franc,coffey
Erasmus,Francina,estes
Esau,Francisca,sanford
Everette,Genevra,burch
Firman,Helga,maddox
Fleming,Iza,vo
Flora,Jeanetta,oconnell
Gardner,Jeannie,vu
Gee,Jerusha,andersen
Gorge,Lisette,spence
Gottlieb,Loda,mcpherson
Gregorio,Luda,church
Gregory,Lynda,schmitt
Gustavus,Marget,stanton
Halsey,Mariam,leal
Handy,Modena,cherry
Hardie,Nanna,compton
Harl,Nelie,dudley
Hayden,Olena,sierra
Hays,Lelar,pollard
Hermon,Matilde,alfaro
Hershel,Simona,hester
Holly,Thora,proctor
Hosteen,Angelita,lu
Hoyt,Berenice,hinton
Hudson,Dagmar,novak
Huey,Dina,good
Humphrey,Ema,madden
Hunt,Florine,mccann
Hyrum,Loraine,terrell
Irven,Maida,jarvis
Isam,Missie,dickson
Ivy,Arline,reyna
Jabez,Beatrix,cantrell
Jewel,Dorathea,mayo
Jodie,Elenor,branch
Judd,Gertha,hendrix
Julious,Lesta,rollins
Justice,Rebekah,rowland
Katherine,Almina,whitney
Kelly,Arlena,duke
Kit,Dot,odom
Knute,Elfie,daugherty
Lavern,Ermine,travis
Lawyer,Francisqui,tang
Layton,Georgeanna,archer
Brown,Glendora,smith
Newell,Leontine,johnson
Carter,Leva,williams
Lucas,Litha,brown
Ransom,Luberta,jones
Bee,Marianna,garcia
Meyer,Parlee,miller
Paris,Pearla,davis
Byrd,Sister,rodriguez
Deforest,Thresa,martinez
Dolph,Alene,hernandez
Harper,Alverda,lopez
Jule,Antonette,gonzalez
Lambert,Argie,wilson
Margaret,Arkie,anderson
Ocie,Arletta,thomas
Orange,Bea,taylor
Reece,Bettye,moore
Roe,Cappie,jackson
Ambers,Caro,martin
Bessie,Cloe,lee
Collins,Corene,perez
Elbridge,Deetta,thompson
Eldon,Elberta,white
Elvis,Ether,harris
Gaston,Felicie,sanchez
Guadalupe,Frederica,clark
Hartwell,Hellen,ramirez
Knox,Icey,lewis
Lue,Ines,robinson
Manning,Junia,walker
Ola,Laney,young
Reed,Lassie,allen
Sampson,Lockie,king
Samual,Lossie,wright
Thos,Lovey,scott
Todd,Marianita,torres
Tommy,Mattye,nguyen
Unknown,Rubie,hill
Wirt,Milly,flores
Woodie,Pluma,green
Alice,Ruie,adams
Alvis,Vira,nelson
Ammon,Cleva,baker
Boss,Gennie,hall
Cas,Sadye,rivera
Cass,Vennie,campbell
Chalmer,Zettie,mitchell
Denton,Clevie,carter
Elsworth,Ferne,roberts
Erving,Maebelle,gomez
Fredric,Maxine,phillips
Furman,Pearly,evans
Helen,Savanah,turner
Pearlie,Savilla,diaz
Plummer,Valerie,parker
Presley,Violetta,cruz
Rollo,Adelina,edwards
Roswell,Alzina,collins
Ruffus,Annice,reyes
Sheldon,Beda,stewart
Tilman,Clarabelle,morris
York,Fleda,morales
Acie,Goldia,murphy
Alfonso,Laila,cook
Ashton,Leala,rogers
Burke,Lilah,gutierrez
Cap,Lyla,ortiz
Casimiro,Naoma,morgan
Collie,Nealy,cooper
Curley,Olivine,peterson
Dale,Rutha,bailey
Dixon,Sussie,reed
Dominick,Theodocia,kelly
Garret,Vassie,howard
Gerrit,Zina,ramos
Griffin,Aurore,kim
Hall,Beth,cox
Heber,Channie,ward
Hurley,Freida,richardson
Isidore,Georganna,watson
Lorenza,Izetta,brooks
Marian,Kathern,chavez
Maud,Lady,wood
Maude,Lala,james
Murphy,Lilia,bennett
Obe,Lurana,gray
Orla,Mozelle,mendoza
Orlo,Norine,ruiz
Orrie,Oney,hughes
Sebastian,Clotilde,price
Starling,Nova,alvarez
Tolbert,Myrna,castillo
Whit,Medora,sanders
Adrien,Hildur,patel
Alto,Imo,myers
Angelo,Ragna,long
Antone,Vinie,ross
Arden,Emmy,foster
Atticus,Hildegarde,jimenez
Belton,Octa,powell
Bertha,Aurilla,jenkins
Blair,Beula,perry
Burrell,Lera,russell
Callie,Macy,sullivan
Campbell,Margrett,bell
Champ,Melina,coleman
Coley,Pheobe,butler
Conway,Alvira,henderson
Craig,Clella,barnes
Dalton,Cornie,gonzales
Darrell,Dorotha,fisher
Darwin,Dorthy,vasquez
Dennie,Dosia,simmons
Ebb,Enid,romero
Ebbie,Essa,jordan
Edna,Evelena,patterson
Ellison,Genoveva,alexander
Elonzo,Greta,hamilton
Emit,Ica,graham
Emry,Ilma,reynolds
Ephram,Lalla,griffin
Esequiel,Lana,wallace
Essie,Leonor,moreno
Esta,Lolla,west
Evertt,Lorna,cole
Garner,Vergie,hayes
Garnett,Mossie,bryant
Graham,Manuelita,herrera
Gregg,Oline,gibson
Halbert,Ima,ellis
Harvie,Janey,tran
Harvy,Villa,medina
Hubbard,Clytie,aguilar
Jared,Ermina,stevens
Jere,Hertha,murray
Joesph,Margaretha,ford
Johnathan,Melanie,castro
Juluis,Metha,marshall
Kirby,Pricilla,owens
Kyle,Sigrid,harrison
Lane,Thekla,fernandez
Lawerence,Berniece,mcdonald
Less,Betha,woods
Linwood,Florie,washington
Louise,Hilah,kennedy
Lowell,Isla,wells
Loy,Judie,vargas
Lucy,Lethia,henry
Manly,Louisiana,chen
Mannie,Rubye,freeman
Marcel,Silvia,webb
Marius,Zelpha,tucker
Marrion,Alwilda,guzman
Mercer,Angele,burns
Monte,Verlie,crawford
Montgomery,Zelia,olson
Nolan,Gunda,simpson
Okey,Octavie,porter
Page,Orelia,hunter
Philo,Retha,gordon
Primus,Signe,mendez
Prosper,Anice,silva
Pryor,Carlota,shaw
Rene,Lurline,snyder
Robin,Luz,mason
Roll,Opha,dixon
Seward,Ura,munoz
Shannon,Vicie,hunt
Talmage,Alwine,hicks
Vaughn,Carmelita,holmes
Verner,Clemma,palmer
Waverly,Elia,wagner
Weldon,Eloisa,black
Wells,Eppie,robertson
Wiliam,Gustie,boyd
Wing,Hazle,rose
Wood,Lu,stone
Wright,Ebba,salazar
Add,Margarete,fox
Adelard,Myrle,warren
Cleve,Nadine,mills
Linus,Pallie,meyer
Martha,Betsey,rice
Reinhold,Cleta,schmidt
Junior,Filomena,garza
Ace,Orra,daniels
Armstead,Arlene,ferguson
Benedict,Margretta,nichols
Brice,Pairlee,stephens
Gibson,Zana,soto
May,Francies,weaver
Mills,Marjory,ryan
Adolfo,Roxana,gardner
Alanzo,Cressie,payne
Antoine,Erla,grant
Ethan,Herma,dunn
Eustace,Oliva,kelley
Ewing,Rosalind,spencer
Fernand,Chessie,hawkins
Fisher,Daphne,arnold
Gail,Lulah,pierce
Harland,Marvel,vazquez
Hilary,Monnie,hansen
Hosie,Noemie,peters
Lemon,Gregoria,santos
Lora,Josefina,hart
Marsh,Fleeta,bradley
Newman,Madaline,knight
Nickolas,Hildred,elliott
Olie,Sibbie,cunningham
Pearley,Verena,duncan
Roman,Bernardine,armstrong
Rome,Gerda,hudson
Rowland,Hazelle,carroll
Shelly,Nobie,lane
Vicente,Reva,riley
Weston,Vonnie,andrews
Alan,Ethie,alvarado
Alberto,Jessye,ray
Alexis,Jetta,delgado
Auguste,Signa,berry
Bascom,Delcie,perkins
Cameron,Hildegard,hoffman
Camille,Treva,johnston
Clabe,Violette,matthews
Cooper,Sylva,pena
Domingo,Twila,richards
Elwin,Concetta,contreras
Emilio,Idabelle,willis
French,Lulla,carpenter
Gerhard,Mira,lawrence
Hansford,Nila,sandoval
Jarvis,Olar,guerrero
Jobe,Velva,george
Josephus,Yvonne,chapman
Landon,Evia,rios
Lennie,Willia,estrada
Leonidas,Dortha,ortega
Lesley,Else,watkins
Lillian,Freeda,greene
Linn,Versa,nunez
Littleton,Ilah,wheeler
Lone,Maurine,valdez
Margarito,Vernice,harper
Mattie,Elmyra,burke
Melton,Madelyn,larson
Ott,Cannie,santiago
Randle,Carmella,maldonado
Seaborn,Cliffie,morrison
Severt,Ever,franklin
Steward,Leafy,carlson
Sylvanus,Olinda,austin
Theadore,Virdie,dominguez
Theophile,Allena,carr
Vester,Clotilda,lawson
Wenzel,Elida,jacobs
Alby,Elvera,obrien
Alcee,Fae,lynch
Almond,Josefita,singh
Alvy,Lurena,vega
Amon,Versie,bishop
Ansel,Vivien,montgomery
Bayard,Melba,oliver
Benny,Alline,jensen
Bluford,Elfreda,harvey
Booker,Verla,williamson
Burnett,Ouida,gilbert
Burney,Flonnie,dean
Caswell,Palma,sims
Claudie,Consuelo,espinoza
Conley,Lorine,howell
Cortez,Venus,li
Dionicio,Hasel,wong
Donnie,Noma,reid
Eldred,Virgia,hanson
Ell,Alleen,le
Ellery,Mavis,mccoy
Ellwood,Nelda,garrett
Elva,Trilby,burton
Emmit,Adel,fuller
Erle,Buelah,wang
Essex,Milda,weber
Ewell,Velda,welch
Ewin,Bernetta,rojas
Fabian,Neoma,lucas
Florencio,Gaynell,marquez
Fremont,Laurette,fields
Gaines,Coletta,park
Garnet,Zela,yang
Gaylord,Zeta,little
German,Manila,banks
Greene,Manilla,padilla
Brady,Cuba,day
Festus,Earline,walsh
Jewell,Vlasta,bowman
Odell,Jacqueline,schultz
Rosco,Onnie,luna
Bernice,Vara,fowler
Chauncy,Alena,mejia
Delmer,Ilo,davidson
Effie,Imelda,acosta
Ellie,Ardis,brewer
Jimmy,Delores,may
Lars,Irva,holland
Milas,Gwen,juarez
Miner,Tomasa,newman
Rogers,Veta,pearson
Sarah,Berneice,curtis
Wess,Lempi,cortez
Woody,Eathel,douglas
Bryan,Marybelle,schneider
Douglass,Chrystal,joseph
Hilton,Elvia,barrett
Irvine,Ilene,navarro
Isidor,Margarite,figueroa
Jeptha,Marianne,keller
Mabel,Odette,avila
Malcom,Antonina,wade
Mell,Delsie,molina
Olof,Portia,stanley
Robt,Reatha,hopkins
Ronald,Aleen,campos
Simpson,Almeta,barnett
Spurgeon,Lilyan,bates
Tandy,Jaunita,chambers
Thurlow,Luvinia,caldwell
Toy,Alvera,beck
Winston,Allean,lambert
Zeno,Dagny,miranda
Alphonsus,Leoma,byrd
Alvan,Oleta,craig
Amado,Trula,ayala
Ananias,Ethyle,lowe
Ancel,Ingeborg,frazier
Atlas,Jeane,powers
Banks,Laurine,neal
Barry,Lorean,leonard
Blake,Marge,gregory
Blanchard,Margueritta,carrillo
Bose,Mozell,sutton
Captain,Norene,fleming
Ceasar,Oneta,rhodes
Chance,Lolita,shelton
Chancey,Elouise,schwartz
Charle,Cathleen,norris
Clide,Bette,jennings
Dink,Earnestine,watts
Ella,Florene,duran
Emett,Laverna,walters
Erick,Rafaela,cohen
Estill,Thyra,mcdaniel
Fenton,Loyce,moran
Gale,Cleda,parks
Gay,Pearline,steele
Grove,Ceola,vaughn
Hanson,Lavera,becker
Harlie,Marcelle,holt
Harlow,Romaine,deleon
Haskell,Rosalyn,barker
Ingram,Augustina,terry
Iva,Bonita,hale
Jep,Dominga,leon
Joy,Girtha,hail
Lessie,Isobel,benson
Lillie,Anona,haynes
Linton,Syble,horton
Linzy,Edris,miles
Little,Santa,lyons
Loney,Theola,pham
Loring,Veola,graves
Lovie,Ceil,bush
Lute,Madlyn,thornton
Mace,Vernia,wolfe
Matthias,Ellamae,warner
Meredith,Irine,cabrera
Benjamen,Linnea,mckinney
Jens,Madalyn,mann
Oakley,Roslyn,zimmerman
Whitney,Edrie,dawson
Donaciano,Vincenza,lara
Hayward,Yolanda,fletcher
Loran,Edra,page
Love,Orma,mccarthy
Son,Ilda,love
Tollie,Ardath,robles
Vollie,Renee,cervantes
Bonnie,Astrid,solis
Catherine,Beadie,erickson
Ebenezer,Doretha,reeves
Ewald,Neola,chang
Herb,Vela,klein
Julia,Wava,salinas
Silvester,Evelyne,fuentes
Stafford,Dimple,baldwin
Sullivan,Annamae,daniel
Thurston,Elease,simon
Wayman,Williemae,velasquez
Wes,Rosaline,hardy
Winnie,Charline,higgins
Burrel,Charlene,aguirre
Cleon,Joanne,lin
Dozier,Theta,cummings
Elden,Deloris,chandler
Fulton,Maureen,sharp
Helmer,Rosabelle,barber
Hill,Gilda,bowen
Hjalmer,Herminia,ochoa
Ignatz,Afton,dennis
Kelley,Margurite,robbins
Marlin,Clydie,liu
Moody,Izola,ramsey
Myrtle,Rosemarie,francis
Namon,Arnetta,griffith
Odin,Gladyce,paul
Odis,Floretta,blair
Oley,Merna,oconnor
Osborn,Nedra,cardenas
Osie,Clementina,pacheco
Prentice,Launa,cross
Purl,Sonia,calderon
Roby,Aili,quinn
Shep,Gladis,moss
Simmie,Alease,swanson
Stanislaus,Madonna,chan
Vander,Azalee,rivas
Zollie,Colleen,khan
Abb,Darlene,rodgers
Ah,Macel,serrano
Aleck,Cleola,fitzgerald
Beecher,Loree,rosales
Blain,Stephania,stevenson
Bowman,Joann,christensen
Bunk,Antonetta,manning
Burgess,Arietta,gill
Carol,Vivienne,curry
Charly,Elinore,mclaughlin
Clell,Benita,harmon
Cody,Glenda,mcgee
Lamar,Earlene,gross
Worley,Arleen,doyle
Arley,Blanchie,garner
Nicolas,Vilma,newton
Terence,Erline,burgess
Claire,Felice,reese
Earley,Georgette,walton
Elzy,Yvette,blake
Fielding,Assunta,trujillo
Gertrude,Helyn,adkins
Nora,Lavonne,brady
Norton,Audry,goodman
Clemens,Dorathy,roman
Earlie,Stasia,webster
Ellen,Vita,goodwin
Epifanio,Jayne,fischer
Glover,Maebell,huang
Lark,Mafalda,potter
Laurance,Olympia,delacruz
Leigh,Masako,montoya
Braxton,Stacia,todd
Cleave,Domenica,wu
Colon,Ingrid,hines
Constantine,Wynona,mullins
Dominic,Bernita,castaneda
Emiliano,Carole,malone
Fleet,Elenore,cannon
Franklyn,Waneta,tate
Hobart,Esperanza,mack
Josephine,Madelene,sherman
Laverne,Roselyn,hubbard
Lillard,Kathlyn,hodges
Lim,Ardith,zhang
Merlin,Venita,guerra
Milan,Santina,wolf
Nim,Maryjane,valencia
Norbert,Orene,saunders
North,Noreen,franco
Orland,Antionette,rowe
Orvis,Margot,gallagher
Reason,Dawn,farmer
Rob,Lahoma,hammond
Virge,Alexandra,hampton
Zenas,Maryellen,townsend
Ada,Ruthe,ingram
Alejandro,Cleone,wise
Atha,Kathaleen,gallegos
Audie,Aldona,clarke
Boyce,Janis,barton
Brent,Christeen,schroeder
Burdette,Dorine,maxwell
Cash,Caryl,waters
Chase,Francine,logan
Clive,Rosaria,camacho
Courtney,Erlene,strickland
Cris,Georgetta,norman
Dawson,Olene,person
Drury,Sheila,colon
Duane,Georgene,parsons
Elon,Yoshiko,frank
Estevan,Delora,harrington
Fitzhugh,Lavelle,glover
Fount,Idamae,osborne
Gray,Michelina,buchanan
Terrence,Catalina,casey
Bartley,Liberty,floyd
Shedrick,Victory,patton
Dixie,Beverley,ibarra
Ignacio,Laurene,ball
Merl,Marilynn,tyler
Nehemiah,Jeraldine,suarez
Norwood,Marylou,bowers
Raphael,Jacquelyn,orozco
Reno,Oneida,salas
Rudy,Concha,cobb
Rueben,Marina,gibbs
Sylvan,Doreen,andrade
Virgle,Haruko,bauer
Charls,Felipa,conner
Cole,Socorro,moody
Elby,Elois,escobar
Ferman,Toshiko,mcguire
Fern,Carlene,lloyd
Florian,Fumiko,mueller
Fuller,Soledad,hartman
Gorden,Gearldine,french
Gussie,Shirlee,kramer
Ham,Merry,mcbride
Hazel,Clarine,pope
Ignatius,Lorayne,lindsey
Joaquin,Marlene,velazquez
Lacey,Kiyoko,norton
Laurie,Elwanda,mccormick
Lilburn,Elayne,sparks
Lovell,Darline,flynn
Lovett,Arlyne,yates
Malvin,Marlys,hogan
Manson,Mardell,marsh
Pratt,Willene,macias
Reid,Inell,villanueva
Ruffin,Venice,zamora
Tomie,Ofelia,pratt
Vince,Peggie,stokes
Wayland,Beatriz,owen
Acey,Rochelle,ballard
Alger,Leatrice,lang
Algernon,Billye,brock
Amasa,Darleen,villarreal
Amil,Hortencia,charles
Barrett,Ethelene,drake
Britt,Marylouise,barrera
Burns,Eris,cain
Calhoun,Bettyjane,patrick
Christy,Penny,pineda
Cletus,Dorene,burnett
Colbert,Toni,mercado
Courtland,Lynette,santana
Myles,Vonda,shepherd
Irl,Amparo,bautista
Benson,Bebe,ali
Norval,Phylis,shaffer
Armond,Bettylou,lamb
Frazier,Wanita,trevino
Thompson,Marceline,mckenzie
Alfredo,Vernelle,hess
Grady,Ernestina,beil
Lorenz,Doloris,olsen
Peyton,Delois,cochran
Seldon,Nanette,morton
Ethelbert,Ardelle,nash
Eva,Natalia,wilkins
Gilman,Estela,petersen
Henri,Sherry,briggs
Iver,Twyla,shah
Laura,Jacquelin,roth
Leonce,Enriqueta,nicholson
Mamie,Bobbye,holloway
Orion,Patti,lozano
Ottie,Lorrayne,rangel
Rudolf,Janell,flowers
Selmer,Ladonna,hoover
Shepherd,Nada,short
Yancy,Carla,arias
Abbie,Evangelina,mora
Agnes,Willodean,valenzuela
Arnie,Charleen,bryan
Arvin,Coleen,meyers
Blanche,Illa,weiss
Bliss,Shirlie,underwood
Cassie,Ailene,bass
Dewey,Erlinda,greer
Diego,Lita,summers
Dorr,Marilou,houston
Edmon,Lawanda,carson
Estes,Charmaine,morrow
Gilford,Cherie,clayton
Graves,Sonya,whitaker
Hillery,Raquel,decker
Laurel,Hortensia,yoder
Carlisle,Valencia,collier
Hughie,Jocelyn,zuniga
Orvel,Kazuko,carey
Angel,Joye,wilcox
Horton,Lidia,melendez
Lena,Roseann,poole
Marie,Earlean,roberson
Waymon,Jeannine,larsen
Arno,Romona,conley
Burnie,Jeanine,davenport
Elgie,Joline,copeland
Fannie,Felicitas,massey
Felton,Carma,lam
Keith,Marva,huff
Maxie,Colette,rocha
Nils,Sondra,cameron
Sie,Marilee,jefferson
Sonny,Jolene,hood
Vere,Jovita,monroe
Virgie,Dorla,anthony
Benjman,Dianne,pittman
Bernardo,Margy,huynh
Casey,Velia,randall
Celestino,Margene,singleton
Cephus,Beverlee,kirk
Della,Maryanne,combs
Hart,Joycelyn,mathis
Hillary,Merlene,christian
Hilmer,Oralia,skinner
Holland,Sydell,bradford
Jacques,Jill,richard
Johny,Ardeth,galvan
Jordon,Armida,wall
Julien,Marylin,boone
Julio,Sonja,kirby
Kay,Laquita,wilkinson
Le,Julianne,bridges
Leeroy,Nannette,bruce
Liston,Margo,atkinson
Lott,Claudette,velez
Doyle,Arla,meza
Gerard,Charlsie,roy
Alfonzo,Marylyn,vincent
Carlie,Mitzi,york
Branch,Patrica,hodge
Bush,Eartha,villa
Elgin,Herlinda,abbott
Federico,Trudy,allison
Franz,Verdell,tapia
Governor,Joretta,gates
Maury,Marsha,chase
Nancy,Verlene,sosa
Salvatore,Lynne,sweeney
Werner,Mariann,farrell
Edw,Joetta,wyatt
Ernesto,Rosanne,dalton
Fed,Belia,horn
Foy,Janelle,barron
Galen,Merilyn,phelps
Genie,Ardyce,yu
Hjalmar,Rosita,dickerson
Lawton,Celine,heath
Levin,Carleen,foley
Lish,Carolee,atkins
Pascal,Dian,mathews
Posey,Dorthey,bonilla
Redmond,Kathy,acevedo
Rosendo,Marita,benitez
Talmadge,Thomasina,zavala
Winford,Marta,hensley
Abie,Thalia,glenn
Alta,Nira,cisneros
Alver,Sharlene,harrell
Anatole,Rheta,shields
Bobbie,Jerrie,rubio
Boone,Ginger,huffman
Buell,Jacklyn,choi
Claiborne,Elissa,boyer
Loyal,Paulette,garrison
Eduardo,Monna,arroyo
Maggie,Joellen,bond
Needham,Lavona,kane
Mansfield,Bonny,hancock
Ras,Luanne,callahan
Guilford,Saundra,dillon
Sing,Luann,cline
Xavier,Pearlene,wiggins
Charlton,Nancie,grimes
Eula,Shirlene,arellano
Mckinley,Marcelina,melton
Polk,Vicki,oneill
Shellie,Karol,savage
Bentley,Louann,ho
Claudius,Alison,beltran
Conard,Marylee,pitts
Cornell,Sharron,parrish
Ester,Cathy,ponce
Esther,Darla,rich
Mae,Norita,booth
Mildred,Gaye,koch
Neely,Jeri,golden
Owens,Loris,ware
Rance,Shirleyann,brennan
Red,Carolynn,mcdowell
Robbie,Marla,marks
Sigurd,Evonne,cantu
Teddy,Darlyne,humphrey
Val,Vernetta,baxter
Almus,Rhonda,sawyer
Sheridan,Shelba,clay
Lorin,Shelva,tanner
Carmine,Deanna,hutchinson
Jonnie,Karla,kaur
Kent,Tanya,berg
Murl,Annmarie,wiley
Ricardo,Wendy,gilmore
Wilfrid,Ruthann,russo
Adlai,Sherrie,villegas
Buddie,Carolann,hobbs
Burk,Evon,keith
Dessie,Sheryl,wilkerson
Edison,Jacquline,ahmed
Gifford,Karlene,beard
Goldie,Glennis,mcclain
Hurbert,Karin,montes
Iverson,Marleen,mata
Job,Roxanne,rosario
Leamon,Harlene,vang
Olive,Annamarie,walter
Powell,Jacque,henson
Rexford,Maralyn,oneal
Roma,Shari,mosley
Romie,Larae,mcclure
Vick,Gayla,beasley
Waldemar,Deanne,stephenson
Zebulon,Dianna,snow
Alferd,Simone,huerta
Algot,Leilani,preston
Alphons,Vickie,vance
Audley,Diann,barry
Barnard,Karolyn,johns
Berkley,Deann,eaton
Bethel,Noretta,blackwell
Caroline,Shelvia,dyer
Corbett,Shelvie,prince
Ruth,Shelia,macdonald
Fidel,Janyce,solomon
Guillermo,Jonell,guevara
Murry,Marolyn,stafford
Reubin,Mimi,english
Rocco,Noreta,hurst
Samson,Roseanne,woodard
Westley,Lorelei,cortes
Alba,Vicky,shannon
Irene,Helaine,kemp
Murdock,Maryjo,nolan
Nolen,Deana,mccullough
Royce,Janine,merritt
Ruel,Ronda,murillo
Willaim,Leanne,moon
Beryl,Cindy,salgado
Beulah,Judi,strong
Burleigh,Karel,kline
Carrol,Karon,cordova
Con,Glynda,barajas
Dillon,Tamara,roach
Ebert,Suzann,rosas
Encarnacion,Fran,winters
Cedric,Nanci,jacobson
Estel,April,lester
Mayo,Hedy,knox
Shelley,Mari,bullock
Thorwald,Jannette,kerr
Durward,Jerri,leach
Luster,Heidi,meadows
Arnett,Dotty,orr
Aubra,Suellen,davila
Avon,Lonna,whitehead
Bolden,Kathie,pruitt
Dannie,Ilona,kent
Elex,Laraine,conway
Ferris,Susann,mckee
Jeffie,Rona,barr
Lexie,Sharen,david
Link,Lynnette,dejesus
Moises,Scarlett,marin
Myer,Belinda,berger
Carlyle,Pam,mcintyre
Arvel,Ruthanne,blankenship
Erby,Juliann,gaines
Floy,Sherron,palacios
Hughey,Donita,cuevas
Ovid,Georgiann,bartlett
Alston,Jerilyn,durham
Audrey,Sharyn,dorsey
Buddy,Sherri,mccall
Clemmie,Suzan,odonnell
Clemon,Nyla,stein
Dorothy,Trina,browning
Einar,Judyth,stout
Gurney,Nikki,lowery
Hebert,Sheri,sloan
Hezzie,Jana,mclean
Kurt,Adrianne,hendricks
Lois,Georgeann,calhoun
Lula,Terri,sexton
Mearl,Caren,chung
Oddie,Kristine,gentry
Ramsey,Geri,hull
Vinton,Jerilynn,duarte
Zed,Karan,ellison
Audy,Rosann,nielsen
Barnie,Cheri,gillespie
Donat,Leann,buck
Emmons,Phyliss,middleton
Erich,Merrily,sellers
Esley,Melody,leblanc
Eston,Kaaren,esparza
Roosevelt,Cassandra,hardin
Hartley,Aloma,bradshaw
Jennings,Cathie,mcintosh
Hobert,Sandi,howe
Montie,Ronna,livingston
Rae,Karren,frost
Arvil,Jerrilyn,glass
Casimer,Sheron,morse
Elwyn,Pauletta,knapp
Evander,Merrilee,herman
Gaither,Terrie,stark
Grafton,Tonya,bravo
Guthrie,Sunny,noble
Jettie,Karyn,spears
Lannie,Ginny,weeks
Lea,Charla,corona
Moe,Tana,frederick
Nestor,Charolette,buckley
Ovila,Marcy,mcfarland
Reynold,Cheryle,hebert
Reynolds,Kathi,enriquez
Susie,Karyl,hickman
True,Candy,quintero
Alwin,Sherryl,randolph
Casimir,Luana,schaefer
Vergil,Rozanne,walls
Hazen,Carlyn,trejo
Sigmund,Jacquelynn,house
Saint,Caron,reilly
Silver,Suzette,pennington
Eugenio,Dorinda,michael
Lisle,Teri,conrad
Milburn,Alana,giles
Carmen,Danna,benjamin
Orris,Maribeth,crosby
Rayford,Pamala,fitzpatrick
Raymon,Rosalinda,donovan
Virgel,Elyse,mays
Aloys,Pamella,mahoney
Cam,Bobbi,valentine
Hale,Corliss,raymond
Nile,Cheryll,medrano
Offie,Graciela,hahn
Opal,Sherilyn,mcmillan
Rosa,Deirdre,small
Wardell,Gerri,bentley
Willy,Glinda,felix
Acy,Mickie,peck
Arthor,Marybeth,lucero
Boysie,Cherrie,boyle
Britton,Laureen,hanna
Oris,Patrice,pace
Gladys,Aleta,rush
Georgia,Candice,hurley
Bryon,Kristina,harding
Elvie,Vickey,mcconnell
Frankie,Nicki,bernal
Mario,Deena,nava
Pasquale,Janeen,ayers
Rhoda,Meryl,everett
Rossie,Bettina,ventura
Sherwood,Robyn,avery
Buel,Sharyl,pugh
Clearence,Erica,mayer
Dabney,Lani,bender
Diamond,Leslee,shepard
Dorris,Deidre,mcmahon
Everet,Katrina,landry
Ezell,Kristi,case
Hobson,Cherryl,sampson
Admiral,Dayle,moses
Shafter,Randi,magana
Maceo,Lori,blackburn
Schley,Jacalyn,dunlap
Ewart,Starr,gould
Patsy,Kendra,duffy
Arba,Suzanna,vaughan
Orvil,Debby,herring
Adams,Valarie,mckay
Collier,Melodie,espinosa
Gayle,Annemarie,rivers
Gladstone,Michaele,farley
Hilario,Janna,bernard
Kathryn,Trudi,ashley
Mickey,Sandie,friedman
Odus,Daria,potts
Vernal,Vikki,truong
Von,Rachelle,costa
Haven,Tonia,correa
Williard,Marcie,blevins
Stephan,Candis,nixon
Collis,Shiela,clements
Griffith,Regenia,fry
Jethro,Debora,delarosa
Vic,Maura,best
Viola,Caryn,benton
Baker,Kristie,lugo
Beatrice,Lizabeth,portillo
Bynum,Regena,dougherty
Colvin,Denice,crane
Doris,Drema,haley
Elizah,Shirleen,phan
Eunice,Cathey,villalobos
Leighton,Cristina,blanchard
Linnie,Lyndia,horne
Lizzie,Blanca,finley
Rosevelt,Fonda,quintana
Farris,Renae,lynn
Lemmie,Kathlene,esquivel
Estell,Loreen,bean
Goebel,Shauna,dodson
Tallie,Sharman,mullen
Arlo,Valorie,xiong
Artis,Sanjuanita,hayden
Collin,Bethany,cano
Eddy,Christa,levy
Hester,Sanjuana,huber
Lauren,Candyce,richmond
Lupe,Lorrie,moyer
Ozie,Tara,lim
Salvador,Pamelia,frye
Santos,Kristy,sheppard
Schuyler,Collette,mccarty
Arturo,Roxann,avalos
Donovan,Debrah,booker
Kermit,Mindy,waller
Eino,Krista,parra
Olan,Leticia,woodward
Danny,Terese,jaramillo
Lola,Mara,krueger
Esco,Nicolette,rasmussen
Josef,Vanessa,brandt
Lance,Merrie,peralta
Leona,Debbra,donaldson
Mathews,Jenifer,stuart
Ova,Lourdes,faulkner
Pate,Geralyn,maynard
Regis,Jaclyn,galindo
Rosario,Sharleen,coffey
Vito,Lorie,estes
Adron,Allyson,sanford
Ancil,Angelia,burch
Arland,Jann,maddox
Buren,Joleen,vo
Erland,Christi,oconnell
Johney,Esmeralda,vu
Clarnce,Teena,andersen
Garvin,Gwenda,spence
Agustin,Rhona,mcpherson
Nathen,Brinda,church
Oneal,Pandora,schmitt
Verna,Jodi,stanton
Victoriano,Kimberley,leal
Doll,Megan,cherry
Georgie,Lauri,compton
Heyward,Paige,dudley
Ivor,Deborrah,sierra
Myrl,Joette,pollard
Beckham,Lise,alfaro
Thedore,Jacqulyn,hester
Thelma,Milagros,proctor
Trinidad,Marlena,lu
Verl,Roxane,hinton
Evelyn,Ellyn,novak
Hershell,Debera,good
Marty,Joni,madden
Roberto,Cindi,mccann
Teddie,Tricia,terrell
Terrell,Brooke,jarvis
Hilbert,Doretta,dickson
Lenon,Lorri,reyna
Lenord,Danette,cantrell
Ozzie,Marci,mayo
Porfirio,Alisa,branch
Sammy,Kari,hendrix
Rayfield,Lesa,rollins
Waino,Francesca,rowland
Clemence,Lanette,whitney
Harm,Sharla,duke
Jamie,Kimberlee,odom
Vincenzo,Zandra,daugherty
Welton,Sheree,travis
Adrain,Sabrina,tang
Arbie,Valinda,archer
Betty,Sherie,smith
Bobby,Joanie,johnson
Desmond,Starla,williams
Domenic,Merri,brown
Duard,Kerri,jones
Raul,Leeann,garcia
Severo,Vernita,miller
Tobie,Cherri,davis
Council,Bambi,rodriguez
Domenick,Renita,martinez
Darrel,Janel,hernandez
Graydon,Desiree,lopez
Fredie,Denese,gonzalez
Eliot,Roni,wilson
Hoke,Sheilah,anderson
Pauline,Athena,thomas
Tyree,Jeryl,taylor
Arne,Danita,moore
Bell,Gisele,jackson
Carlo,Sherree,martin
Hansel,Debi,lee
Jiles,Kandy,perez
Leonardo,Felecia,thompson
Quentin,Migdalia,white
Toby,Dayna,harris
Verlin,Debbi,sanchez
Winthrop,Debroah,clark
Domenico,Jaye,ramirez
Harrold,Monique,lewis
Lucille,Tami,robinson
Ryan,Taryn,walker
Benard,Lorinda,young
Quinton,Moira,allen
Rodolfo,Melodee,king
Armando,Sheryll,wright
Delmas,Trena,scott
Denzil,Noemi,torres
Luciano,Leesa,nguyen
Lyndon,Marisa,hill
Vera,Dawna,flores
Taft,Tracie,green
Delphin,Dani,adams
Rodger,Sheena,nelson
Woodrow,Dara,baker
Burnice,Kelli,hall
Giovanni,Shawna,rivera
Americo,Barb,campbell
Ardell,Kathey,mitchell
Delmus,Kellie,carter
Gilmer,Wendi,roberts
Lucio,Gaylene,gomez
Mariano,Liz,phillips
Ogden,Jeanna,evans
Oland,Kara,turner
Prentiss,Leisa,diaz
Samie,Chandra,parker
Hadley,Dori,cruz
Francesco,Jami,edwards
Toivo,Meg,collins
Robley,Maritza,reyes
Verle,Stacie,stewart
Farrell,Glynis,morris
Nathanial,Juli,morales
Reyes,Babette,murphy
Eleanor,Tammie,cook
Emmanuel,Tamera,rogers
Esker,Tamra,gutierrez
Florentino,Traci,ortiz
Gaetano,Tammi,morgan
Levie,Deb,cooper
Guido,Tamela,peterson
Aurelio,Cyndi,bailey
Curtiss,Gabrielle,reed
Othel,Cathi,kelly
Santo,Erika,howard
Harrell,Candi,ramos
Lenwood,Jacki,kim
Leopoldo,Nilda,cox
Dante,Keri,ward
Ann,Sarita,richardson
Halley,Tia,watson
Reino,Bridgette,brooks
Carmelo,Tamie,chavez
Wyman,Brigitte,wood
Silvio,Suzy,james
Colie,Kirsten,bennett
Alfonse,Tambra,gray
Aldo,Missy,mendoza
Amerigo,Gigi,ruiz
Enrico,Perri,hughes
Gasper,Karrie,price
Attilio,Lissa,alvarez
Woodroe,Lanita,castillo
Nunzio,Suzie,sanders
Burnell,Bev,patel
Erling,Alyson,myers
Gilberto,Tresa,long
Glendon,Kandi,ross
Larue,Bridgett,foster
Masao,Cari,jimenez
Nevin,Tori,powell
Armin,Alesia,jenkins
Tyrus,Ivette,perry
Kendall,Kerrie,russell
Garold,Renea,sullivan
Gennaro,Angelica,bell
Cosmo,Liane,coleman
Luigi,Shelli,butler
Hymen,Lesia,henderson
Donato,Penni,barnes
Melbourne,Tonja,gonzales
Merwin,Keely,fisher
Winton,Melisa,vasquez
Gino,Tari,simmons
Glenwood,Deedee,romero
Geno,Kayla,jordan
Glynn,Lisha,patterson
Nello,Misty,alexander
Durwood,Deidra,hamilton
Gilmore,Leisha,graham
Saverio,Elana,reynolds
Garth,Adriana,griffin
Hiroshi,Loriann,wallace
Arlin,Tania,moreno
Yoshio,Dedra,west
Arvo,Evette,cole
Deward,Latanya,hayes
Hughes,Fawn,bryant
Tatsuo,Risa,herrera
Jerald,Krystal,gibson
Zigmund,Deeann,ellis
Gerhardt,Johnna,tran
Lynwood,Velvet,medina
Berlin,Corina,aguilar
Merlyn,Jeana,stevens
Pershing,Angelique,murray
Hideo,Marnita,ford
Normand,Jonna,castro
Orvin,Machelle,marshall
Joyce,Maribel,owens
Minoru,Barbie,harrison
Foch,Loria,fernandez
Bryce,Gwyn,mcdonald
Carmel,Shanna,woods
Marco,Monika,washington
Winifred,Trisha,kennedy
Edsel,Alecia,wells
Quinten,Janene,vargas
Kiyoshi,Latonya,henry
Therman,Staci,chen
Kazuo,Stefanie,freeman
Metro,Melonie,webb
Laddie,Marisol,tucker
Harding,Aretha,guzman
Kennith,Marti,burns
Eloy,Darci,crawford
Daryl,Adriene,olson
Rayburn,Dawne,simpson
Jon,Charisse,porter
Dewayne,Shirl,hunter
Marcos,Lesli,gordon
Kevin,Jena,mendez
Harden,Brigette,silva
Delton,Tamala,shaw
Reynaldo,Shana,snyder
Donal,Delisa,mason
Toshio,Maricela,dixon
Dwayne,Alyssa,munoz
Zane,Michell,hunt
Luverne,Tonda,hicks
Jackie,Richelle,holmes
Ramiro,Jeanmarie,palmer
Harlen,Marissa,wagner
Deane,Melony,black
Dwain,Deneen,robertson
Boris,Mia,boyd
Dorman,Kecia,rose
Coolidge,Djuna,stone
Refugio,Djuana,salazar
Darold,Noelle,fox
Donn,Renata,warren
Faustino,Tessa,mills
Brian,Anjanette,meyer
Melvyn,Denine,rice
Esteban,Daneen,schmidt
Freddy,Holli,garza
Virginia,Kimberli,daniels
Marlyn,Linette,ferguson
Ken,Christal,nichols
Dwaine,Alisha,stephens
Gearld,Elaina,soto
Valentino,Karri,weaver
Lindy,Delinda,ryan
Lindbergh,Tyra,gardner
Shoji,Tawana,payne
Denny,Marnie,grant
Gonzalo,Dionne,dunn
Jorge,Kimberlie,kelley
Jerrold,Gabriela,spencer
Akira,Casandra,hawkins
Maria,Marni,arnold
Hoover,Tangela,pierce
Jerold,Kimberely,vazquez
Arlen,Shanda,hansen
Ronnie,Demetria,peters
Marcelino,Lavonda,santos
Verlyn,Natasha,hart
Ismael,Mechelle,bradley
Fidencio,Shonda,knight
Dolores,Yolonda,elliott
Adan,Brigid,cunningham
Davey,Julianna,duncan
Derald,Carin,armstrong
Barbara,Keli,hudson
Humberto,Gia,carroll
Joan,Latricia,lane
Sherwin,Lizette,riley
Lavon,Cristine,andrews
Duwayne,Bethann,alvarado
Genaro,Tabatha,ray
Kenny,Joelle,delgado
Rogelio,Lara,berry
Rolf,Sonji,perkins
Arnulfo,Tamatha,hoffman
Gerry,Tasha,johnston
Derl,Tatia,matthews
Gerold,Gidget,pena
Arlan,Latonia,richards
Patricia,Brandi,contreras
Dino,Nichole,willis
Wally,Alissa,carpenter
Mervyn,Demetra,lawrence
Allyn,Joell,sandoval
Monty,Inger,guerrero
Dickie,Caprice,george
Jan,Denita,chapman
Arlis,Mellissa,rios
Kaye,Lia,estrada
Kenton,Catrina,ortega
Sherrill,Milissa,watkins
Darl,Sunday,greene
Raymundo,Meghan,nunez
Delano,Andria,wheeler
Terrance,Nichelle,valdez
Ronny,Cami,harper
Chuck,Anissa,burke
Orlin,Josette,larson
Gloria,Lissette,santiago
Darryl,Adriane,maldonado
Marc,Windy,morrison
Sal,Kami,franklin
Stan,Buffy,carlson
Cordell,Karie,austin
Darvin,Keisha,dominguez
Derrell,Wende,carr
Jame,Tawnya,lawson
Jacky,Danelle,jacobs
Lanny,Misti,obrien
Ron,Tisha,lynch
Marland,Larissa,singh
Arlyn,Darcie,vega
Jerrell,Mayra,bishop
Jeffrey,Sebrina,montgomery
Valentin,Ericka,oliver
Kerry,Towanda,jensen
Ferrell,Michaela,harvey
Gaylon,Cristy,williamson
Jerrel,Cherise,gilbert
Darwyn,Tanja,dean
Dwane,Carie,sims
Randy,Carri,espinoza
Ian,Tiffani,howell
Delwin,Coretta,li
Gustavo,Tamiko,wong
Verlon,Tamika,reid
Vernell,Chantel,hanson
Delma,Shannan,le
Windell,Kristal,mccoy
Kim,Davina,garrett
Errol,Kirstin,burton
Reggie,Latrice,fuller
Geoffrey,Jolie,wang
Mel,Cristi,weber
Sergio,Cori,welch
Del,Araceli,rojas
Donnell,Stephenie,lucas
Tyrone,Melissia,marquez
Sharon,Chantal,fields
Donny,Corrina,park
Doug,Gillian,yang
Marilyn,Rolanda,little
Carolyn,Nicola,banks
Delvin,Kellee,padilla
Janet,Shani,day
Levon,Chanda,walsh
Ozell,Cinnamon,bowman
Gaylen,Chelsea,schultz
Lamont,Ami,luna
Tex,Racquel,fowler
Lonny,Nicolle,mejia
Autry,Autumn,davidson
Rondal,Kisha,acosta
Randal,Latasha,brewer
Dion,Shonna,may
Greg,Christin,holland
Sandra,Latisha,juarez
Judith,Dione,newman
Scotty,Jada,pearson
Ronal,Kyra,curtis
Jeffery,Mindi,cortez
Randell,Shona,douglas
Joey,Mellisa,schneider
Nicky,Christen,joseph
Leonel,Alexandria,barrett
Harlon,Sharonda,navarro
Lawrance,Julissa,figueroa
Linda,Karina,keller
Barrie,Kira,avila
Darnell,Tawanda,wade
Isidro,Marisela,molina
Wilkie,Terra,stanley
Rick,Lashonda,hopkins
Ricky,Tera,campos
Donna,Toya,barnett
Janice,Carissa,bates
Javier,Stefani,chambers
Wendel,Kesha,caldwell
Erik,Tisa,beck
Lindell,Maya,lambert
Judy,Angella,miranda
Jeffry,Tiffanie,byrd
Karen,Trista,craig
Brendan,Raina,ayala
Darell,Crista,lowe
Mcarthur,Kristan,frazier
Macarthur,Tawanna,powers
Rickey,Niki,neal
Rod,Serina,leonard
Niles,Shawnda,gregory
Jeremy,Tosha,carrillo
Susan,Christel,sutton
Walt,Tracee,fleming
Lary,Dyan,rhodes
Jaime,Tanisha,shelton
Noe,Chantelle,schwartz
Rocky,Stephany,norris
Derek,Treena,jennings
Les,Yesenia,watts
Terrill,Candida,duran
Russ,Tarsha,walters
Timmy,Tameka,cohen
Butch,Ayanna,mcdaniel
Sean,Jenni,moran
Linden,Brandie,parks
Roddy,Shantel,steele
Rickie,Ebony,vaughn
Lenny,Shayla,becker
Rusty,Kia,holt
Dane,Alysia,deleon
Geary,Summer,barker
Eusebio,Jenna,terry
Garey,Latoya,hale
Lucky,Cristal,leon
Gerardo,Shanta,hail
Gil,Shalonda,benson
Richie,Angelic,haynes
Carnell,Brenna,horton
Chad,Alycia,miles
Hank,Damaris,lyons
Dorian,Consuela,pham
Rolando,Lashanda,graves
Kip,Adria,bush
Mikel,Lasonya,thornton
Jonathon,Shara,wolfe
Stevan,Katina,warner
Kris,Catina,cabrera
Jody,Cher,mckinney
Lyn,Lakisha,mann
Zachary,Chastity,zimmerman
Brett,Nikole,dawson
Patric,Contina,lara
Rory,Chiquita,fletcher
Rand,Chasity,page
Robby,Nichol,mccarthy
Cornel,Brandee,love
Shawn,Camisha,robles
Skip,Lakesha,cervantes
Randel,Anika,solis
Jed,Cherilyn,erickson
Dirk,Alejandra,reeves
Brock,Lakeisha,chang
Deryl,Latosha,klein
Stevie,Keena,salinas
Derrick,Sasha,fuentes
Jerel,Nikita,baldwin
Cesar,Cristin,daniel
Baron,Rocio,simon
Kathleen,Tomika,velasquez
Stefan,Tomeka,hardy
Donell,Racheal,higgins
Corey,Griselda,aguirre
Kelvin,Keesha,lin
Ezzard,Liliana,cummings
Tod,Stephaine,chandler
Shaun,Bree,sharp
Brant,Latrina,barber
Scot,Felisha,bowen
Efrain,Layla,ochoa
Stacey,Celena,dennis
Brandon,Jenniffer,robbins
Marlon,Rebeca,liu
Jory,Sherita,ramsey
Layne,Kori,francis
Danniel,Alethea,griffith
Michial,Carly,paul
Ritchie,Aisha,blair
Edwardo,Cicely,oconnor
Kimberly,Anitra,cardenas
Ricki,Bianca,pacheco
Kurtis,Vonetta,cross
Cory,Latarsha,calderon
Deborah,Nyree,quinn
Scottie,Alexa,moss
Erasmo,Fatima,swanson
Rudolfo,Keshia,chan
Lex,Daniela,rivas
Rodrick,Danyelle,khan
Daryle,Mendy,rodgers
Greggory,Charissa,serrano
Darren,Shantell,fitzgerald
Mikeal,Marquita,rosales
Trent,Briana,stevenson
Michal,Chanel,christensen
Theodis,Danyell,manning
Damian,Sunshine,gill
Kimball,Nia,curry
Michale,Nikia,mclaughlin
Wilfredo,Jamila,harmon
Shane,Tanika,mcgee
Robbin,Brande,gross
Kraig,Meagan,doyle
Kirt,Jasmin,garner
Chip,Maranda,newton
Randolf,Lakeshia,burgess
Bret,Kyla,reese
Antony,Syreeta,walton
Bradly,Luciana,blake
Faron,Tobi,trujillo
Blaise,Alanna,adkins
Alvaro,Mistie,brady
Ricci,Tamica,goodman
Dusty,Carisa,roman
Debra,Cherish,webster
Rock,Cecily,goodwin
Keven,Haley,fischer
Gavin,Mandi,huang
Kevan,Daniele,potter
Blane,Tamisha,delacruz
Demetrius,Tanesha,montoya
Rahn,Danyel,todd
Barron,Gabriella,wu
Heriberto,Tiana,hines
Jude,Mandie,mullins
Levern,Harmony,castaneda
Darcy,Shameka,malone
Micky,Spring,cannon
Kennard,Destiny,tate
Davy,Nakisha,mack
Tad,Tamekia,sherman
Rhett,Ayana,hubbard
Ty,Rashida,hodges
Mitch,Yadira,zhang
Jefferey,Alesha,guerra
Dann,Kacey,wolf
Timmothy,Shawanda,valencia
Broderick,Shamika,saunders
Derwin,Takisha,franco
Chet,Pepper,rowe
Quintin,Kandice,gallagher
Timmie,Alina,farmer
Tab,Meggan,hammond
Tracey,Farrah,hampton
Jace,Tennille,townsend
Kem,Nadia,ingram
Brion,Rhiannon,wise
Andrea,Jillian,gallegos
Cynthia,January,clarke
Kennth,Khalilah,barton
Renaldo,Janae,schroeder
Desi,Jaimee,maxwell
Renard,Farah,waters
Trevor,Chana,logan
Kenney,Sommer,camacho
Brien,Shayna,strickland
Cheyenne,Shasta,norman
Derick,Torrie,person
Robb,Ashlee,colon
Devin,Carina,parsons
Kerwin,Chaka,frank
Grayling,Trish,harrington
Quinn,Rayna,glover
Wayde,Brianna,osborne
Maverick,Eboni,buchanan
Tobin,Kenisha,casey
Kristopher,Caitlin,floyd
Keenan,Latoria,patton
Diane,Torie,ibarra
Cheryl,Venessa,ball
Reinaldo,Shanika,tyler
Jamey,Shandra,suarez
Darrin,Kizzy,bowers
Flint,Qiana,orozco
Darin,Talia,salas
Daren,Hayley,cobb
Efrem,Shawnte,gibbs
Kieth,Shante,andrade
Micah,Salena,bauer
Andra,Liana,conner
Chaim,Quiana,moody
Raynard,Kamilah,escobar
Leif,Shalon,mcguire
Kennedy,Latesha,lloyd
Lisa,Iesha,mueller
Darrick,Brittney,hartman
Darry,Danica,french
Roel,Jenelle,kramer
Darron,Yasmin,mcbride
Darryle,Lashunda,pope
Stephon,Malia,lindsey
Darryll,Adrianna,velazquez
Brenda,Tarah,norton
Devon,Tenisha,mccormick
Arnoldo,Shawnna,sparks
Kory,Chante,flynn
Regan,Karissa,yates
Brook,Corie,hogan
Shayne,Chrissy,marsh
Lorne,Kylie,macias
Parrish,Aja,villanueva
Drake,Meghann,zamora
Norberto,Crissy,pratt
Kalvin,Meaghan,stokes
Pernell,Shavon,owen
Markus,Brianne,ballard
Thor,Krissy,lang
Osvaldo,Shavonne,brock
Anibal,Lacie,villarreal
Daron,Shanita,charles
Deon,Desirae,drake
Edgardo,Abbey,barrera
Geoff,Lyndsey,cain
Tammy,Shaunna,patrick
Jayson,Marlana,pineda
Rodrigo,Ariane,burnett
Tyron,Kylee,mercado
Dwyane,Sierra,santana
Stoney,Leia,shepherd
Tal,Natosha,bautista
Jaimie,Ariana,ali
Trenton,Somer,shaffer
Andreas,Ashleigh,lamb
Vinson,Star,trevino
Pamela,Alaina,mckenzie
Erin,Casie,hess
Mauricio,Kindra,beil
Rigoberto,Precious,olsen
Roderic,Kiana,cochran
Destry,Winter,morton
Deron,Viviana,nash
Fitzgerald,Breanne,wilkins
Quint,Siobhan,petersen
Kipp,Maren,briggs
Trey,Kylene,shah
Kendrick,Breanna,roth
Deric,Ashanti,nicholson
Terance,Asia,holloway
Antonia,Lyndsay,lozano
Shon,Sharee,rangel
Daryn,Kacy,flowers
Darien,Princess,hoover
Darryn,Ayesha,short
Trace,Rikki,arias
Darian,Lynsey,mora
Dario,Shaneka,valenzuela
Chadwick,Linsey,bryan
Brain,Loni,meyers
Reginal,Perla,weiss
Heath,Kristyn,underwood
Jarrod,Anya,bass
Michelle,Mariana,greer
Illya,Renada,summers
Brenton,Kacie,houston
Michele,Britney,carson
Dylan,Reyna,morrow
Efren,Chimere,clayton
Arron,Kaci,whitaker
Tyson,Brynn,decker
Cedrick,Laci,yoder
Dereck,Tai,collier
Brennan,Ashlie,zuniga
Jerrod,Jessi,carey
Garrick,Tatiana,wilcox
Jennifer,Kati,melendez
Angela,Krystle,poole
Claudio,Tierra,roberson
Derik,Tiara,larsen
Octavio,Fallon,conley
Alfie,Evita,davenport
Brendon,Kaitlin,copeland
Kristian,Martine,massey
Shad,Kassandra,lam
Ariel,Jesica,huff
Liam,Alexia,rocha
Tina,Toccara,cameron
Beau,Latoyia,jefferson
Giuseppe,Tashina,hood
Franco,Chaya,monroe
Dustin,Joi,anthony
Jamal,Daniella,pittman
Damien,Katelyn,huynh
Waylon,Kandace,randall
Colby,Shanell,singleton
Damion,Kourtney,kirk
Brenden,Nereida,combs
Korey,Jazmin,mathis
Tye,Chelsey,christian
Rico,Kaleena,skinner
Darby,Kala,bradford
Melissa,Kassie,richard
Anthoney,Jenilee,galvan
Jade,Emilee,wall
Lamonte,Cassondra,boone
Shan,Shaina,kirby
Johnathon,Shakira,wilkinson
Tory,Ciara,bridges
Trever,Hailey,bruce
Lazaro,Kali,atkinson
Jemal,Shena,velez
Jamison,Falon,meza
Aric,Tawny,roy
Ari,Arielle,vincent
Donavan,Ashly,york
Torrey,Chelsie,hodge
Torrance,Tenika,villa
Shanon,Sharita,abbott
Chandler,Cristen,allison
Ali,Tabetha,tapia
Corwin,Krysta,gates
Amy,Carley,chase
Jameson,Arianna,sosa
Demetrios,Mallory,sweeney
Jasen,Kaitlyn,farrell
Davin,Ciji,wyatt
Cale,Ashely,dalton
Jermaine,Giselle,horn
Malik,Tess,barron
Jeromy,Maegan,phelps
Jammie,Echo,yu
Che,Dwan,dickerson
Bronson,Britni,heath
Dax,Ashli,foley
Brandt,Paola,atkins
Kenyatta,Ashlea,mathews
Antione,Caitlyn,bonilla
Laron,Tyesha,acevedo
Antwan,Maira,benitez
Branden,Brittani,zavala
Dedric,Tasia,hensley
Jayme,Grisel,glenn
Kelsey,Kaylee,cisneros
Torrence,Shenna,harrell
Shea,Teela,shields
Kenyon,Savanna,rubio
Kristin,Breann,huffman
Shay,Mckenzie,choi
Corbin,Janessa,boyer
Cristopher,Kasandra,garrison
Jeramy,Markita,arroyo
Braden,Karly,bond
Kenya,Magen,kane
Dedrick,Dannielle,hancock
Tate,Cierra,callahan
Germaine,Sade,dillon
Nigel,Krystina,cline
Jerod,Micaela,wiggins
Christoper,Ciera,grimes
Chadd,Brittni,arellano
Jarod,Kayleigh,melton
Tristan,Britany,oneill
Brannon,Alyse,savage
Jeremey,Deandra,ho
Deandre,Brittny,beltran
Kiley,Kaley,pitts
Donavon,Alysha,parrish
Sedrick,Jazmine,ponce
Hassan,Shaquita,rich
Jamel,Krysten,booth
Jeramie,Brittanie,koch
Marcelo,Krystin,golden
Coby,Magan,ware
Deshawn,Katelin,brennan
Toriano,Violeta,mcdowell
Kwame,Kasie,marks
Kasey,Jessika,cantu
Demian,Kelsie,humphrey
Kristofer,Mariel,baxter
Paulo,Shira,sawyer
Donte,Jaqueline,clay
Jarred,Amberly,tanner
Demond,Samatha,hutchinson
Kareem,Eliana,kaur
Vidal,Kaleigh,berg
Zachariah,Nakita,wiley
Jamar,Phylicia,gilmore
Abdul,Brittaney,russo
Jermain,Katlyn,villegas
Tremayne,Shardae,hobbs
Jeremie,Jerrica,keith
Marlo,Porsha,wilkerson
Lashawn,Britta,ahmed
Brandy,Sharde,beard
Josue,Cherrelle,mcclain
Jabbar,Katelynn,montes
Kristoffer,Mallorie,mata
Diallo,Cherelle,rosario
Tito,Malorie,vang
Damond,Sable,walter
Nicole,Kaila,henson
Dameon,Ashlyn,oneal
Rahsaan,Shanae,mosley
Nathanael,Sharday,mcclure
Abelardo,Fabiola,beasley
Cade,Iliana,stephenson
Vashon,Kyrie,snow
Taurus,Leandra,huerta
Chadrick,Shatara,preston
Tarik,Kortney,vance
Marcello,Janay,barry
Dominique,Ayla,johns
Donta,Cayla,eaton
Moshe,Yessenia,blackwell
Zachery,Skye,dyer
Jevon,Kelsi,prince
Stephanie,Jerica,macdonald
Nakia,Tiera,solomon
Telly,Jesenia,guevara
Ahmad,Kaela,stafford
Jamil,Karli,english
Toma,Porsche,hurst
Trinity,Kalyn,woodard
Jereme,Chanelle,cortes
Dejuan,Alessandra,shannon
Jabari,Lakendra,kemp
Ahmed,Lauryn,nolan
Heather,Kaycee,mccullough
Demarcus,Kailey,merritt
Antwon,Denisse,murillo
Jered,Jessenia,moon
Rashad,Anjelica,salgado
Kristen,Sarai,strong
Mauro,Tianna,kline
Benji,Kaylin,cordova
Tavares,Kaylyn,barajas
Marques,Denisha,roach
Rasheed,Stephani,rosas
Jerad,Kaylie,winters
Corry,Danae,jacobson
Cristobal,Shanice,lester
Deangelo,Jaleesa,knox
Karim,Jalisa,bullock
Sharif,Whitley,kerr
Demarco,Deja,leach
Kareen,Taja,meadows
Rebecca,Chelsi,orr
Raheem,Genesis,davila
Jamaal,Katlin,whitehead
Jovan,Kimber,pruitt
Seneca,Brittnee,kent
Jermey,Kierra,conway
Torey,Alexandrea,mckee
Hakim,Anais,barr
Cortney,Allyssa,david
Jamin,Kiersten,dejesus
Javon,Breana,marin
Zackary,Diandra,berger
Ezequiel,Sarina,mcintyre
Jerimy,Lizbeth,blankenship
Muhammad,Kiera,gaines
Jameel,Katarina,palacios
Brody,Jalissa,cuevas
Jaron,Hali,bartlett
Dimitrios,Carli,durham
Taj,Tiarra,dorsey
Tanner,Grecia,mccall
Torry,Moriah,odonnell
Amir,Kaitlynn,stein
Levar,Brittnie,browning
Lavar,Flor,stout
Kunta,Elizabet,lowery
Jedediah,Alexandr,sloan
Jerimiah,Britny,mclean
Kinte,Katherin,hendricks
Rashawn,Mikayla,calhoun
Jeramiah,Audrianna,sexton
Jessica,Kirstie,chung
Jedidiah,Asha,gentry
Amin,Kallie,hull
Rian,Kelsea,duarte
Conor,Bryanna,ellison
Lydell,Audriana,nielsen
Davon,Danika,gillespie
Kaleb,Gianna,buck
Samir,Makayla,middleton
Zackery,Martika,sellers
Khalid,Mikaela,leblanc
Bo,Destinee,esparza
Cristian,Brittnay,hardin
Demetric,Yajaira,bradshaw
Horacio,Yasmine,mcintosh
Anwar,Shaniqua,howe
Nicholaus,Shanelle,livingston
Kenji,Lizeth,frost
Nikolas,Joana,glass
Demario,Ryann,morse
Johnpaul,Isamar,knapp
Nicklaus,Latifah,herman
Jarret,Kanisha,stark
Kody,Rubi,bravo
Antwain,Mariela,noble
Dequan,Symone,spears
Lukas,Ivana,weeks
Christina,Heaven,corona
Deshaun,Lucero,frederick
Juston,Shelbi,buckley
Hasan,Alysa,mcfarland
Jeb,Dulce,hebert
Amanda,Brooklyn,enriquez
Andrae,Nataly,hickman
Kendell,Imani,quintero
Tucker,Kalie,randolph
Keon,Alannah,schaefer
Garett,Fiona,walls
Amit,Kanesha,trejo
Omari,Laken,house
Tyrell,Haleigh,reilly
Mohammad,Eryn,pennington
Bryson,Elyssa,michael
Tyrel,Shelbie,conrad
Tremaine,Demi,giles
Jarrad,Ieshia,benjamin
Rustin,Makenzie,crosby
Kai,Shanequa,fitzpatrick
Justen,Karlee,donovan
Keegan,Haylee,mays
Chaz,Cheyanne,mahoney
Yoel,Estefania,valentine
Jarad,Halie,raymond
Jessy,Chynna,medrano
Bjorn,Karlie,hahn
Brandan,Stormy,mcmillan
Dustan,Delaney,small
Isaias,Carlee,bentley
Kellen,Kailee,felix
Skyler,Alayna,peck
Marchello,Mckenna,lucero
Mohammed,Shaquana,boyle
Johathan,Tiesha,hanna
Adalberto,Brielle,pace
Connor,Marcela,rush
Dontae,Myranda,hurley
Taurean,Miriah,harding
Skylar,Alexus,mcconnell
Mohamed,Kelcie,bernal
Colt,Emerald,nava
Kiel,Giovanna,ayers
Colton,Bryana,everett
Eliezer,China,ventura
Darrius,Essence,avery
Tuan,Bria,pugh
Hung,Aracely,mayer
Long,Aubree,bender
Lamarcus,Chelsy,shepard
Justine,Miesha,mcmahon
Huy,Cinthia,landry
Akeem,Brianda,case
Cassidy,Hailee,sampson
Devan,Karley,moses
Martell,Ashlynn,magana
Remington,Macey,blackburn
Jacoby,Tatyana,dunlap
Jakob,Shawnee,gould
Trumaine,Brea,duffy
Marquise,Joselyn,vaughan
Deven,Ivonne,herring
Crystal,Katerina,mckay
Ryne,Marlee,espinosa
Coty,Breonna,rivers
Grayson,Shaniece,farley
Jerrad,Kaylynn,bernard
Jarrell,Kinsey,ashley
Baby,Kenia,friedman
Brandin,Destini,potts
Alonso,Kayley,truong
Danielle,Lexus,costa
Tavon,Selene,correa
Travon,Yaritza,blevins
Deonte,Khadijah,nixon
Rachel,Kadijah,clements
Kameron,Halle,fry
Tavaris,Brionna,delarosa
Tylor,Destiney,best
Jairo,Jazmyn,benton
Durell,Yazmin,lugo
Durrell,Itzel,portillo
Channing,Kassidy,dougherty
Jaymes,Coraima,crane
Dakota,Shannen,haley
Keaton,Kailyn,phan
Ulises,Kalene,villalobos
Brandyn,Katlynn,blanchard
Mackenzie,Lexi,horne
Maximilian,Deyanira,finley
Uriel,Yasmeen,quintana
Terell,Shyanne,lynn
Kale,Viridiana,esquivel
Dandre,Kaylene,bean
Kolby,Crysta,dodson
Joshuah,Reina,mullen
Martez,Alondra,xiong
Rayshawn,Kayli,hayden
Dangelo,Nayeli,cano
Derrek,Jasmyn,levy
Cordero,Aspen,huber
Jayce,Jasmyne,richmond
Yaakov,Paloma,moyer
Kyler,Eleni,lim
Alexandro,Hana,frye
Zechariah,Aaliyah,sheppard
Giancarlo,Aliyah,mccarty
Garrison,Dalia,avalos
Spenser,Zhane,booker
Austen,Mckayla,waller
Payton,Clarisa,parra
Kalen,Mikala,woodward
Kane,Dayana,jaramillo
Mychal,Maddison,krueger
Conner,Kianna,rasmussen
Cordaro,Kenzie,brandt
Dashawn,Bailee,peralta
Holden,Sydnee,donaldson
Octavius,Haylie,stuart
Rashaad,Nohely,faulkner
Montrell,Makenna,maynard
Jaren,Vanesa,galindo
Joseluis,Cydney,coffey
Trevin,Aleah,estes
Brennen,Shyann,sanford
Kegan,Valentina,burch
Camron,Caitlynn,maddox
Colten,Tatum,vo
Codey,Adilene,oconnell
Arsenio,Isis,vu
Jaquan,Tatianna,andersen
Geraldo,Baylee,spence
Kelby,Shania,mcpherson
Jamarcus,Jocelyne,church
Marquez,Daisha,schmitt
Dominque,Kaelyn,stanton
Brittany,Jayla,leal
Ridge,Dasia,cherry
Mikhail,Emely,compton
Brantley,Sydni,dudley
Nico,Abbigail,sierra
Kade,Miracle,pollard
Alexandre,Zoey,alfaro
Christop,Unique,hester
Infant,Iridian,proctor
Alexande,Brooklynn,lu
Hakeem,Alia,hinton
Kadeem,Keanna,novak
Gage,Alivia,good
Khiry,Daija,madden
Jasmine,Sydnie,mccann
Daquan,Fernanda,terrell
Niko,Daja,jarvis
Rakeem,Lesly,dickson
Nikko,Annika,reyna
Dionte,Kyleigh,cantrell
Samantha,Sienna,mayo
Darion,Ciarra,branch
Kendal,Maci,hendrix
Kiara,Destany,rollins
Tiffany,Tamia,rowland
Khalil,Moesha,whitney
Najee,Odalys,duke
Ladarius,Yamilex,odom
Stetson,Zaria,daugherty
Yosef,Mireya,travis
Trevon,Alize,tang
Dimitri,Xena,archer
Tevin,Dania,smith
Denzel,Katia,johnson
Male,Maia,williams
Laquan,Amani,brown
Kiefer,Shianne,jones
Jorden,Madisen,garcia
Ibrahim,Odalis,miller
Mykel,Kaylah,davis
Kevon,Sarahi,rodriguez
Zakary,Jailene,martinez
Aidan,Jazlyn,hernandez
Talon,Alyssia,lopez
Codie,Chyna,gonzalez
Hernan,Estefany,wilson
Camden,Ansley,anderson
Deontae,Madyson,thomas
Keenen,Jaycie,taylor
Misael,Jacey,moore
Devonte,Lexis,jackson
Sage,Daijah,martin
Dillan,Joslyn,lee
Gunnar,Dejah,perez
Shaquille,Yulissa,thompson
Dillion,Anahi,white
Dylon,Aylin,harris
Storm,Julisa,sanchez
Domonique,Salma,clark
Codi,Madisyn,ramirez
Jaleel,Erykah,lewis
Davion,Gisselle,robinson
Brayden,Raegan,walker
Denzell,Tea,young
Devante,Estrella,allen
Dijon,Jayda,king
Keifer,Rylie,wright
Tariq,Makala,scott
Babyboy,Taya,torres
Sawyer,Kaylan,nguyen
Desean,Camila,hill
Deonta,Annalise,flores
Kolton,Jazmyne,green
Justyn,Keeley,adams
Unnamed,Shaylee,nelson
Dejon,Savana,baker
Bilal,Madelynn,hall
Deante,Micayla,rivera
Jalen,Maeve,campbell
Tre,Nautica,mitchell
Davonte,Cali,carter
Devonta,Serenity,roberts
Javonte,Yulisa,gomez
Devontae,Baylie,phillips
Deion,Samara,evans
Demetri,Mya,turner
Davante,Ally,diaz
Dyllan,Myah,parker
Trae,Reanna,cruz
Dondre,Madilyn,edwards
Tayler,Felicity,collins
Caden,Ireland,reyes
Dakotah,Skyla,stewart
Montel,Willow,morris
Davonta,Jaida,morales
Dalvin,Abigayle,murphy
Tyshawn,Jaelyn,cook
Maximillian,Rhianna,rogers
Juwan,Amira,gutierrez
Tyquan,Shae,ortiz
Kieran,Zoie,morgan
Colter,Caleigh,cooper
Jaylen,Abril,peterson
Devyn,Deasia,bailey
Savon,Kaylen,reed
Deondre,Tayla,kelly
Darrian,Alexys,howard
Dallin,Jaycee,ramos
Jordy,Jayde,kim
Mikal,Kennedi,cox
Adonis,Amaya,ward
Kelton,Piper,richardson
Shaquan,Aniya,watson
Devaughn,Noelia,brooks
Darrien,Kiarra,chavez
Austyn,Shaniya,wood
Kaden,Keara,james
Darrion,Emmalee,bennett
Fredy,Aiyana,gray
Montana,Miya,mendoza
Kole,Jalyn,ruiz
Syed,Nyasia,hughes
Demonte,Aniyah,price
Dakoda,Jaylene,alvarez
Jaden,Kyara,castillo
Keanu,Citlalli,sanders
Jaylon,Abigale,patel
Daulton,Isabela,myers
Shyheim,Tatyanna,long
Markell,Journey,ross
Menachem,Ryleigh,foster
Markel,Aliya,jimenez
Jayden,Sky,powell
Khari,Shyla,jenkins
Trayvon,Bryn,perry
Gunner,Abagail,russell
Auston,Izabella,sullivan
Cain,Nya,bell
Jaylin,Saige,coleman
River,Jakayla,butler
Alek,Litzy,henderson
Destin,Brisa,barnes
Tyrin,Amya,gonzales
Ryder,Jackeline,fisher
Armani,Kaya,vasquez
Kahlil,Jaquelin,simmons
Bryton,Hailie,romero
Jonatan,Nyah,jordan
Tristen,Amara,patterson
Triston,Dariana,alexander
Raekwon,Yamilet,hamilton
Tristin,Monserrat,graham
Anfernee,Cielo,reynolds
Draven,Aryanna,griffin
Romello,Anaya,wallace
Stone,Arely,moreno
Tristian,Kaia,west
Easton,Maryam,cole
Treyvon,Anjali,hayes
Aiden,Lilliana,bryant
Rashaan,Amiya,herrera
Rohan,Belen,gibson
Killian,Aliza,ellis
Phoenix,Keira,tran
Greyson,Janiya,medina
Latrell,Ashtyn,aguilar
Brennon,Neha,stevens
Seamus,Laisha,murray
Isai,Amina,ford
Branson,Jailyn,castro
Damarcus,Kenna,marshall
Mateo,Iyana,owens
Keshawn,Maiya,harrison
Keyshawn,Marlen,fernandez
Trystan,Nevaeh,mcdonald
Braeden,Ainsley,woods
Brayan,Yuliana,washington
Shamar,Beyonce,kennedy
Keion,Nayely,wells
Raquan,Johana,vargas
Jair,Nallely,henry
Braydon,Kaiya,chen
Shemar,Meadow,freeman
Reilly,Makaila,webb
Reagan,Kya,tucker
Jaylan,Ximena,guzman
Nasir,Jimena,burns
Abdullah,Melany,crawford
Dominik,Jamya,olson
Keagan,Taina,simpson
Kordell,Aubrie,porter
Kobe,Frida,hunter
Gianni,Kaliyah,gordon
Jaret,Mikaila,mendez
Koby,Taliyah,silva
Nash,Taniya,shaw
Rylan,Citlali,snyder
Jaxon,Annabella,mason
Giovanny,Dafne,dixon
Ronaldo,Hayleigh,munoz
Coleton,Yoselin,hunt
Amari,Areli,hicks
Jarett,Madalynn,holmes
Keyon,Priscila,palmer
Paxton,Miah,wagner
Landen,Keila,black
Raven,Natalya,robertson
Jamari,Jaylynn,boyd
Jovani,Rianna,rose
Jovanny,Sheyla,stone
Keandre,Aryana,salazar
Kenan,Elle,fox
Jajuan,Lisbeth,warren
Ryley,Evelin,mills
Nikhil,Makena,meyer
Tyrese,Jaliyah,rice
Tyrek,Keyla,schmidt
Zion,Giana,garza
Declan,Maleah,daniels
Savion,Shreya,ferguson
Kamron,Maliyah,nichols
Jadon,Samira,stephens
Tyrique,Jalynn,soto
Tahj,Galilea,weaver
Tyriq,Riya,ryan
Tyreek,Cadence,gardner
Izaiah,Iyanna,payne
Tavian,Kiya,grant
Jacquez,Jaylyn,dunn
Alessandro,Estefani,kelley
Kyree,Yareli,spencer
Tyrik,Dayanara,hawkins
Jordi,Janiyah,arnold
Jalon,Taniyah,pierce
Mekhi,Sanaa,vazquez
Jelani,Yahaira,hansen
Matteo,Kadence,peters
Johan,Amiyah,santos
Hamza,Tamya,hart
Brycen,Sherlyn,bradley
Jovany,Natalee,knight
Miguelangel,Lainey,elliott
Jensen,Angeles,cunningham
Rahul,Karyme,duncan
Christion,Arly,armstrong
Judah,Saniya,hudson
Konnor,Sariah,carroll
Kylan,Kaydence,lane
Jaiden,Alani,riley
Tyreke,Amaris,andrews
Cayden,Charlize,alvarado
Jett,Kimora,ray
Zaire,Xiomara,delgado
Jaydon,Marin,berry
Korbin,Diya,perkins
Tyreese,Treasure,hoffman
Braedon,Aleena,johnston
Jaxson,Saniyah,matthews
Xander,Addyson,pena
Camren,Karis,richards
Semaj,Gracelyn,contreras
Ean,Jaylee,willis
Gaven,Nathaly,carpenter
Karson,Livia,lawrence
Trevion,Jayleen,sandoval
Ayden,Janiah,guerrero
Rey,Gwyneth,george
Tavion,Zariah,chapman
Braiden,Averie,rios
Kadin,Heidy,estrada
Arman,Mikalah,ortega
Aditya,Arleth,watkins
Rowan,Karma,greene
Bridger,Siena,nunez
Kayden,Jaelynn,wheeler
Elian,Anabelle,valdez
Luca,Naima,harper
Finn,Anneliese,burke
Kaiden,Zara,larson
Sincere,Elliana,santiago
Maximus,Kinsley,maldonado
Xzavier,Selah,morrison
Blaze,Jolette,franklin
Gaige,Brylee,carlson
London,Myla,austin
Keshaun,Yuridia,dominguez
Sabastian,Montserrat,carr
Kavon,Valery,lawson
Kian,Lilianna,jacobs
Brodie,Leyla,obrien
Jaeden,Rihanna,lynch
Javion,Addisyn,singh
Jamir,Akeelah,vega
Maxim,Adison,bishop
Alexzander,Lilyana,montgomery
Kamren,Nathalia,oliver
Zander,Paisley,jensen
Dayne,Yaretzi,harvey
Isaak,Scarlet,williamson
Jaheim,Braelyn,gilbert
Jagger,Kamila,dean
Oswaldo,Cailyn,sims
Ronan,Bethzy,espinoza
Haden,Adyson,howell
Jadyn,Joselin,li
Immanuel,Mariyah,wong
Alijah,Kinley,reid
Jakobe,Jaylah,hanson
Imanol,Charlee,le
Jordyn,Adamaris,mccoy
Zain,Malaya,garrett
Yusuf,Khloe,burton
Gavyn,Amirah,fuller
Pranav,Briley,wang
Yehuda,Jorja,weber
Daunte,Rayne,welch
Caiden,Sanai,rojas
Arjun,Dahlia,lucas
Jahiem,Lorelai,marquez
Zavier,Neveah,fields
Mustafa,Izabelle,park
Rylee,Miley,yang
Giovani,Mylee,little
Jovanni,Jordin,banks
Omarion,Jaslene,padilla
Yahir,Audrina,day
Amarion,Azul,walsh
Gael,Marely,bowman
Cael,Shiloh,schultz
Treyton,Madilynn,luna
Aryan,Jaeda,fowler
Jaheem,Jazlynn,mejia
Malakai,Londyn,davidson
Javen,Giada,acosta
Lisandro,Adelyn,brewer
Santino,Jocelynn,may
Adriel,Mylie,holland
Ethen,Adalyn,juarez
Luc,Aliana,newman
Maximo,Giuliana,pearson
Cason,Azaria,curtis
Gannon,Zaniyah,cortez
Jaquez,Alyvia,douglas
Bradyn,Joseline,schneider
Jase,Kelis,joseph
Zayne,Lillianna,barrett
Osbaldo,Kylah,navarro
Maddox,Hadassah,figueroa
Jamarion,Allisson,keller
Yair,Caylee,avila
Aydan,Mareli,wade
Konner,Dayami,molina
Damarion,Alisson,stanley
Jahir,Nylah,hopkins
Enzo,Jazlene,campos
Cannon,Adalynn,barnett
Kamari,Jaslyn,bates
Kaeden,Gemma,chambers
Ryker,Lailah,caldwell
Soren,Brynlee,beck
Mordechai,Raelynn,lambert
Cristofer,Marlie,miranda
Ryland,Anabella,byrd
Zaid,Ariella,craig
Arnav,Kamora,ayala
Canyon,Paityn,lowe
Kanye,Payten,frazier
Kyan,Amiah,powers
Cohen,Averi,neal
Braylon,Avah,leonard
Davian,Karsyn,gregory
Jaidyn,Jamiya,carrillo
Demarion,Laylah,sutton
Landyn,Carleigh,fleming
Luka,Kenley,rhodes
Braulio,Sloane,shelton
Andon,Elianna,schwartz
